"ags";"verf_100_1";"verf_100_2";"verf_100_6";"verf_100_8";"verf_100_10";"verf_100_16";"verf_100_30";"verf_100_50";"verf_100_100";"verf_100_200";"verf_100_400";"verf_100_1000";"verf_dsl_1";"verf_dsl_2";"verf_dsl_6";"verf_dsl_8";"verf_dsl_10";"verf_dsl_16";"verf_dsl_30";"verf_dsl_50";"verf_dsl_100";"verf_dsl_200";"verf_catv_1";"verf_catv_2";"verf_catv_6";"verf_catv_8";"verf_catv_10";"verf_catv_16";"verf_catv_30";"verf_catv_50";"verf_catv_100";"verf_catv_200";"verf_catv_400";"verf_catv_1000";"verf_ftth_100";"verf_ftth_200";"verf_ftth_400";"verf_ftth_1000"
"01001";100.00;100.00;100.00;100.00;100.00;100.00;100.00;100.00;99.03;96.66;80.67;80.67;99.49;99.49;99.49;99.49;99.31;98.63;98.28;98.28;92.61;79.70;71.85;71.85;71.85;71.85;71.85;71.85;71.85;71.85;71.85;71.85;71.85;71.85;10.08;10.08;10.08;10.08
"01002";99.90;99.90;99.90;99.90;99.90;99.90;96.67;95.46;93.85;90.66;71.07;63.54;99.90;99.90;99.90;99.90;99.90;99.89;94.36;91.55;87.46;73.95;62.73;62.73;62.73;62.73;62.73;62.73;62.73;62.73;62.73;62.73;47.17;33.08;37.57;37.57;37.57;37.57
"01003";99.94;99.94;99.88;99.88;99.88;99.88;99.08;98.41;95.83;84.71;78.16;76.11;99.01;98.95;98.63;98.58;98.50;98.10;96.12;94.83;85.27;60.09;76.51;76.51;76.51;76.51;76.51;76.51;76.51;76.51;76.51;76.51;76.51;74.46;13.57;13.57;13.57;13.57
"01004";100.00;99.88;99.88;99.00;98.97;98.23;85.76;85.07;69.51;55.46;47.84;47.84;100.00;99.78;99.78;95.82;95.75;94.89;79.25;77.33;63.90;41.37;44.43;44.43;44.43;44.43;44.43;44.43;44.43;44.43;44.43;44.43;44.43;44.43;4.36;4.36;4.36;4.36
"01051";99.76;99.76;99.76;99.72;99.72;99.72;93.59;89.92;74.60;58.38;38.91;20.31;99.76;99.76;99.76;99.30;99.30;99.30;92.81;88.40;72.28;49.28;35.54;35.54;35.54;35.54;35.54;35.54;35.54;35.54;35.54;35.54;35.54;16.94;3.61;3.61;3.61;3.61
"01053";99.85;99.84;99.83;99.53;99.53;99.52;98.85;98.85;92.71;85.19;72.58;68.37;98.77;97.83;94.96;93.40;93.29;91.86;88.35;87.48;75.84;53.24;56.08;56.08;56.08;56.08;56.08;56.08;56.08;56.08;56.08;56.08;45.40;34.19;43.98;43.98;43.98;43.98
"01054";99.72;99.63;99.63;98.88;98.88;98.88;95.87;95.54;91.26;76.79;70.57;58.28;99.52;99.26;99.26;98.42;98.42;98.42;90.58;88.92;72.19;34.90;25.39;25.39;25.39;25.39;25.39;25.39;25.39;25.39;25.39;25.39;25.39;9.41;51.90;51.90;51.90;51.90
"01055";99.70;99.64;99.57;99.00;98.89;98.74;97.35;96.63;90.47;73.98;62.35;60.81;99.19;99.13;99.06;98.46;98.36;98.17;94.58;93.28;81.70;52.31;60.94;60.94;60.94;60.94;60.94;60.94;60.94;60.94;60.94;60.94;60.94;59.36;3.57;3.57;3.57;3.57
"01056";99.92;99.91;99.83;99.82;99.82;99.81;97.25;96.67;91.18;81.77;74.98;74.98;99.92;99.82;99.69;99.65;99.63;99.52;95.67;93.95;80.77;52.00;65.34;65.34;65.34;65.34;65.34;65.34;65.34;65.34;65.34;65.34;61.88;61.75;34.78;34.78;34.78;34.78
"01057";99.44;99.44;99.44;98.86;98.86;98.86;98.86;98.82;91.39;71.23;43.97;39.70;99.25;99.25;99.09;98.07;98.03;97.73;92.09;91.61;83.03;57.55;30.16;30.16;30.16;30.16;30.16;30.16;30.16;30.16;30.16;30.16;20.82;16.54;24.42;24.42;24.42;24.42
"01058";99.89;99.87;99.58;98.77;98.68;98.38;92.51;91.74;82.18;67.27;54.53;50.21;99.76;99.48;98.52;96.46;96.36;95.83;88.97;87.64;74.96;49.84;50.38;50.38;50.38;50.38;50.38;50.38;50.38;50.38;50.38;50.38;49.85;45.16;8.75;8.75;8.75;8.75
"01059";99.87;99.83;98.99;97.94;97.88;97.86;89.20;88.73;82.92;64.50;42.09;41.46;99.87;99.80;98.85;95.60;95.36;95.15;80.76;79.70;70.42;43.05;29.47;29.47;29.47;29.47;29.47;29.47;29.47;29.47;29.47;29.47;27.43;26.78;17.60;17.60;17.60;17.60
"01060";99.92;99.88;99.71;99.55;99.55;99.52;98.48;98.35;92.19;86.51;82.14;77.52;98.29;97.37;90.83;78.03;77.01;73.73;46.64;45.09;36.92;22.60;39.26;39.26;39.26;39.26;39.26;39.26;39.26;39.26;39.26;39.26;23.48;16.08;70.76;70.76;70.76;70.76
"01061";99.65;99.63;99.60;99.54;99.52;99.43;94.38;94.25;74.94;55.65;32.30;18.74;99.22;98.51;97.95;96.66;96.46;95.99;82.74;81.17;72.15;45.61;29.74;29.74;29.74;29.74;29.74;29.74;29.74;29.74;29.74;29.74;29.74;12.85;9.55;9.55;9.55;9.55
"01062";99.92;99.92;99.92;99.76;99.76;99.52;98.52;98.52;97.45;91.29;74.08;70.89;99.92;99.84;98.52;98.15;97.99;97.56;94.90;94.10;87.11;53.31;48.68;48.68;48.68;48.68;48.68;48.68;48.68;48.68;48.68;48.68;43.18;38.66;57.37;57.37;57.37;57.37
"02000";99.99;99.94;99.86;99.83;99.82;99.77;99.47;99.36;98.60;95.83;94.53;94.53;99.99;99.94;99.80;99.43;99.24;97.86;94.18;92.30;87.82;68.01;75.38;75.38;75.38;75.38;75.38;75.38;75.38;75.38;75.38;75.38;75.38;75.38;85.33;85.31;85.30;85.30
"03101";99.96;99.34;99.21;99.19;99.16;99.04;89.95;89.48;83.24;73.68;66.32;66.32;99.58;99.21;99.18;99.15;99.06;98.88;88.54;88.07;79.95;63.69;47.12;47.12;47.12;47.12;47.12;47.12;47.12;47.12;47.12;47.12;47.12;47.12;23.13;23.13;23.13;23.13
"03102";99.82;99.82;99.45;98.86;98.86;97.69;89.63;86.35;75.34;60.19;41.88;32.76;99.82;99.82;99.45;98.15;98.15;97.60;89.63;86.16;73.93;50.87;46.12;46.12;46.12;46.12;46.12;46.12;46.12;46.12;46.12;46.12;33.03;23.53;9.64;9.64;9.64;9.64
"03103";99.86;99.86;96.77;96.45;96.27;95.74;90.77;90.27;86.24;65.20;60.56;59.88;98.94;97.47;93.54;92.76;91.47;89.05;56.93;54.90;49.47;15.58;30.08;30.08;30.08;30.08;30.08;30.08;30.08;30.08;30.08;30.08;30.08;26.01;47.26;47.26;47.26;47.26
"03151";99.39;98.87;98.25;97.00;97.00;96.93;93.02;92.95;84.76;68.60;58.74;55.38;99.39;98.87;98.24;96.99;96.99;96.82;91.43;91.37;81.38;55.14;36.75;36.75;36.75;36.75;36.75;36.75;36.75;36.75;36.75;36.75;36.75;32.85;31.81;31.81;31.81;31.81
"03152";100.00;100.00;100.00;99.63;99.63;99.58;97.50;96.94;87.31;70.26;56.69;56.69;100.00;100.00;100.00;99.48;99.45;98.50;95.52;94.89;79.02;51.16;53.98;53.98;53.98;53.98;53.98;53.98;53.98;53.98;53.98;53.98;53.98;53.98;3.95;3.95;3.95;3.95
"03153";99.81;99.81;99.70;99.60;99.60;99.60;98.41;97.91;90.08;67.24;40.96;40.85;99.81;99.81;99.70;99.60;99.60;99.60;98.06;97.43;87.39;58.68;34.62;34.62;34.62;34.62;34.62;34.62;34.62;34.62;34.62;34.62;31.78;31.67;10.06;10.06;10.06;10.06
"03154";99.73;99.52;99.32;96.64;96.47;96.34;86.21;85.39;72.86;58.19;25.43;25.40;99.73;99.52;99.32;95.88;95.72;95.58;85.01;84.19;72.11;54.83;39.97;39.97;39.97;39.97;39.97;39.97;39.97;39.97;39.97;39.97;24.06;24.03;1.37;1.37;1.37;1.37
"03155";100.00;100.00;100.00;100.00;99.99;99.87;97.51;96.90;92.31;68.97;48.82;39.21;99.87;99.87;99.55;99.55;99.35;97.89;94.96;94.36;87.10;54.95;41.27;41.27;41.27;41.27;41.27;41.27;41.27;41.27;41.27;41.27;32.87;22.22;18.18;18.18;18.18;18.18
"03156";99.77;99.77;99.77;99.77;99.77;99.31;98.75;97.30;92.15;68.55;48.58;47.11;99.77;99.77;99.53;99.53;99.53;99.08;98.51;96.60;86.64;48.85;46.38;46.38;46.38;46.38;46.38;46.38;46.38;46.38;46.38;44.93;44.47;43.00;4.58;4.58;4.58;4.58
"03157";99.97;99.84;99.84;99.40;99.37;99.05;93.78;93.34;76.81;62.03;54.48;54.48;99.44;99.44;99.44;98.74;98.56;97.95;92.15;90.94;67.74;41.91;44.40;44.40;44.40;44.40;44.40;44.40;44.40;44.40;44.40;44.40;42.83;42.83;12.06;12.06;12.06;12.06
"03158";100.00;100.00;99.89;99.89;99.87;99.81;83.46;83.46;61.68;50.48;28.68;28.47;100.00;100.00;99.89;99.82;99.50;99.11;49.81;49.81;21.96;7.63;46.01;46.01;46.01;46.01;46.01;46.01;46.01;46.01;46.01;46.01;24.21;24.00;5.41;5.41;5.41;5.41
"03241";99.89;99.80;99.69;99.53;99.50;99.31;96.76;96.23;89.90;81.59;63.68;58.74;99.69;99.53;99.28;98.91;98.88;98.82;94.91;94.20;83.55;67.02;58.90;58.90;58.90;58.90;58.90;58.90;58.90;58.90;58.90;58.90;57.51;52.56;13.24;13.24;13.20;13.20
"03251";99.88;99.35;99.20;97.68;97.60;97.34;88.43;85.71;76.93;69.60;63.16;57.91;99.88;99.35;99.02;97.10;96.91;96.37;84.17;75.76;50.25;29.27;30.57;30.57;30.57;30.57;30.57;30.57;30.57;30.57;30.57;30.57;28.70;23.21;42.54;42.54;42.54;42.54
"03252";100.00;99.89;99.58;99.05;99.00;98.82;94.29;93.93;87.98;67.72;55.03;35.13;100.00;99.89;99.26;98.73;98.65;98.40;89.42;89.02;80.34;46.94;47.59;47.59;47.59;47.59;47.59;47.59;47.59;47.59;47.59;47.59;47.59;27.67;9.83;9.83;9.83;9.83
"03254";99.74;99.69;99.57;97.42;97.42;97.42;94.44;94.19;80.91;68.98;56.38;56.37;99.43;99.38;99.14;96.93;96.93;96.93;92.97;91.88;74.44;57.55;46.06;46.06;46.06;46.06;46.06;46.06;46.06;46.06;46.06;46.05;46.05;46.05;20.45;20.45;20.45;20.45
"03255";100.00;100.00;99.78;99.76;99.76;99.76;95.83;94.73;83.48;65.10;39.62;38.98;100.00;100.00;99.78;99.55;99.54;99.33;94.98;93.56;77.41;51.56;43.25;43.25;43.25;43.25;43.25;43.25;43.25;43.25;43.25;43.25;29.22;28.58;10.81;10.81;10.81;10.81
"03256";97.84;97.78;96.24;94.20;94.11;93.95;80.62;79.01;61.28;54.94;43.79;35.74;97.60;97.16;94.73;89.86;89.69;88.98;67.69;65.81;49.73;35.33;45.37;45.37;45.37;45.37;45.37;45.37;45.37;45.37;45.37;45.37;36.74;28.50;10.19;10.19;10.19;10.19
"03257";99.89;99.81;99.79;99.77;99.77;99.57;99.32;98.81;90.77;71.99;48.85;46.00;99.79;99.71;99.68;99.68;99.68;99.57;99.25;98.73;88.40;62.27;46.10;46.10;46.10;46.10;46.10;46.10;46.10;46.10;46.10;46.10;46.10;43.24;4.62;4.62;4.62;4.62
"03351";99.87;99.81;99.67;96.61;96.60;96.20;90.52;88.82;75.36;55.85;41.40;38.91;99.71;99.71;99.51;96.25;96.24;96.10;90.05;88.35;70.72;42.10;34.82;34.82;34.82;34.82;34.82;34.82;34.82;34.82;34.82;34.72;34.72;32.23;6.98;6.98;6.98;6.98
"03352";99.73;99.70;99.41;99.09;99.06;98.90;96.13;91.04;83.17;77.37;64.11;61.12;99.64;99.22;98.76;97.81;97.79;97.66;90.46;82.63;59.45;40.73;43.12;43.12;43.12;43.12;43.12;43.12;43.12;43.12;43.12;43.12;43.12;39.74;35.90;35.90;35.90;35.90
"03353";99.33;99.30;99.30;98.72;98.68;98.41;91.96;89.03;78.78;72.12;64.48;51.91;99.03;98.75;98.74;96.96;96.64;95.96;84.68;82.23;64.62;47.14;38.79;38.79;38.79;38.79;38.79;38.79;38.79;38.79;38.79;38.79;38.79;18.03;41.03;41.03;41.03;40.67
"03354";98.28;98.28;98.28;92.28;92.28;92.28;81.59;80.40;73.37;59.50;59.46;39.95;94.83;94.83;94.25;86.04;86.04;86.04;73.96;72.77;62.02;42.25;49.98;49.98;49.98;49.98;49.98;49.98;49.98;49.98;49.98;49.98;49.98;30.47;9.48;9.48;9.48;9.48
"03355";100.00;100.00;100.00;99.89;99.63;99.11;98.30;97.83;93.80;86.75;75.19;57.81;100.00;99.92;99.84;98.39;98.01;97.34;88.69;87.64;75.22;58.40;47.84;47.84;47.84;47.84;47.84;47.84;47.84;47.84;47.84;47.84;47.84;30.46;27.63;27.63;27.63;27.63
"03356";100.00;100.00;100.00;99.99;99.99;99.99;98.26;94.80;75.92;64.97;49.31;46.65;99.92;99.92;99.92;98.94;98.89;98.71;93.61;82.52;53.16;30.31;33.80;33.80;33.80;33.80;33.80;33.80;33.80;33.80;33.80;33.80;28.82;26.16;23.40;23.40;23.40;23.40
"03357";99.58;99.45;99.07;98.83;98.74;98.36;91.80;71.29;45.65;45.04;43.70;37.61;99.47;98.63;97.84;96.85;96.47;95.17;74.84;50.21;17.47;12.39;24.75;24.75;24.75;24.75;24.75;24.75;24.75;24.75;24.75;24.75;23.59;13.95;32.28;32.28;32.28;32.28
"03358";99.64;99.38;99.04;97.59;97.19;96.25;87.28;82.44;69.25;59.59;52.86;38.75;98.91;98.52;96.51;94.36;93.61;90.21;72.52;59.93;36.02;19.31;41.19;41.19;41.19;41.19;41.19;41.19;41.19;41.19;41.19;41.19;41.19;26.01;15.40;15.40;15.40;15.40
"03359";99.83;99.83;99.83;99.54;99.45;99.28;95.53;91.78;78.45;72.43;59.02;47.31;99.63;99.63;99.57;99.22;99.10;98.81;92.34;85.72;69.63;54.99;53.64;53.64;53.64;53.64;53.64;53.64;53.64;53.64;53.64;53.64;53.64;41.62;16.99;16.99;16.99;16.99
"03360";99.54;99.54;99.54;97.04;96.69;94.96;79.13;78.13;74.05;60.61;50.36;26.07;99.54;99.54;99.45;96.19;95.80;93.27;74.31;71.22;65.34;46.19;46.89;46.89;46.89;46.89;46.89;46.89;46.89;46.89;46.89;46.89;46.89;22.60;3.47;3.47;3.47;3.47
"03361";99.80;99.78;99.56;98.33;98.33;98.27;90.40;76.56;67.43;63.77;57.47;48.96;99.30;99.07;98.03;94.44;94.13;93.55;71.39;62.31;45.68;30.56;39.32;39.32;39.32;39.32;39.32;39.32;39.32;39.32;39.32;39.32;39.32;30.81;20.14;20.14;20.14;20.14
"03401";100.00;100.00;100.00;100.00;100.00;100.00;90.27;88.88;83.29;75.76;69.76;69.76;100.00;100.00;100.00;100.00;99.90;97.28;86.32;76.57;59.66;36.18;67.34;67.34;67.34;67.34;67.34;67.34;67.34;67.34;67.34;67.34;67.34;67.34;3.84;3.84;3.84;3.84
"03402";98.38;98.27;97.58;96.28;96.28;96.10;90.08;85.79;83.37;83.37;83.03;49.07;98.38;97.98;97.29;95.90;95.90;94.70;80.02;73.26;56.73;41.17;57.80;57.80;57.80;57.80;57.80;57.80;57.80;57.80;57.80;57.80;57.80;23.80;31.14;31.14;31.14;31.14
"03403";99.94;99.94;99.94;98.91;98.91;98.91;97.93;97.89;97.09;95.53;95.46;95.46;99.94;99.94;99.84;98.75;98.65;97.44;95.18;92.55;83.79;62.64;72.97;72.97;72.97;72.97;72.97;72.97;72.97;72.97;72.97;72.97;72.90;72.90;60.56;60.56;60.56;60.56
"03404";100.00;100.00;99.98;99.97;99.97;99.94;98.99;97.23;82.53;71.75;54.33;53.98;100.00;100.00;99.69;99.67;99.66;99.40;96.12;91.22;69.59;48.75;52.79;52.79;52.79;52.79;52.79;52.79;52.79;52.79;52.79;52.79;52.79;52.44;5.47;5.47;5.47;5.47
"03405";99.21;99.08;98.05;96.51;96.46;96.02;90.80;89.80;84.14;76.68;68.43;56.55;98.82;98.69;97.43;95.89;95.79;94.81;83.40;80.62;64.36;46.62;47.60;47.60;47.60;47.60;47.60;47.60;47.60;47.60;47.60;47.60;47.60;33.84;30.51;30.51;30.51;30.51
"03451";99.70;99.70;99.25;98.53;98.53;98.36;91.80;78.59;59.43;46.23;39.17;39.17;99.25;99.07;98.43;96.72;96.67;96.07;80.54;66.09;43.05;20.96;35.09;35.09;35.09;35.09;35.09;35.09;35.09;35.09;35.09;29.00;24.99;24.99;24.46;24.46;24.46;24.46
"03452";99.43;98.89;98.50;94.76;94.55;93.84;84.62;78.35;58.02;52.85;47.30;28.61;99.41;98.84;97.67;92.72;92.31;90.80;68.34;56.51;25.33;11.65;45.76;45.76;45.76;45.76;45.76;45.76;45.76;45.76;45.76;45.76;43.39;24.49;5.23;5.23;5.23;5.23
"03453";99.76;99.76;99.43;98.58;98.40;97.78;91.22;84.51;68.34;63.46;62.13;61.90;99.20;98.91;97.35;94.20;93.79;92.57;69.64;53.02;25.26;11.50;21.50;21.50;21.50;21.50;21.50;21.50;21.50;21.50;21.50;20.74;20.55;20.10;51.49;51.49;51.49;51.49
"03454";98.92;98.06;97.48;97.07;97.02;96.86;93.63;89.70;81.33;74.54;70.38;64.46;97.24;95.91;93.88;92.56;92.44;91.72;73.64;65.88;46.66;31.20;25.31;25.31;25.31;25.31;25.31;25.31;25.31;25.31;25.31;24.29;22.42;11.40;59.90;59.90;59.90;59.90
"03455";98.92;98.89;98.57;96.33;96.32;95.95;89.76;85.45;64.79;61.04;59.45;36.16;98.09;98.06;97.23;94.89;94.68;93.37;71.54;61.03;26.48;16.90;49.47;49.47;49.47;49.47;49.47;49.47;49.47;49.47;49.47;49.47;49.47;23.35;16.05;16.05;16.05;16.05
"03456";98.59;98.39;95.54;94.52;94.45;94.21;89.21;84.95;72.55;61.16;52.64;40.57;96.46;94.38;91.12;88.29;88.21;87.94;79.29;73.17;52.74;29.60;35.39;35.39;35.39;35.39;35.39;35.39;35.39;35.39;35.39;35.39;35.05;21.89;21.68;21.68;21.68;21.68
"03457";99.73;99.64;99.25;98.57;98.52;98.33;93.86;89.75;75.67;61.29;48.78;36.57;99.04;98.90;98.03;96.81;96.76;96.32;79.14;68.67;48.53;28.31;34.71;34.71;34.71;34.71;34.71;34.71;34.71;34.71;34.71;34.34;32.97;18.44;21.19;21.19;21.19;21.19
"03458";100.00;99.90;99.10;98.74;98.74;98.53;91.35;80.88;64.33;58.63;58.16;55.43;100.00;99.90;98.52;97.80;97.73;97.39;78.48;56.87;15.51;6.28;27.46;27.46;27.46;27.46;27.46;27.46;27.46;27.46;27.46;26.89;26.82;18.73;41.04;41.04;41.04;41.04
"03459";99.94;99.86;99.83;99.42;99.23;98.77;92.60;88.44;73.57;61.38;48.47;38.90;99.12;98.68;98.50;97.48;96.91;96.03;82.55;76.06;52.49;31.09;30.96;30.96;30.96;30.96;30.96;30.96;30.96;30.96;30.96;30.96;28.37;17.05;24.08;24.08;24.08;24.08
"03460";99.37;98.91;98.10;96.78;96.73;96.08;86.76;72.26;53.59;49.73;49.39;47.39;99.23;98.61;96.71;93.35;93.07;91.87;70.94;56.16;28.71;16.10;37.25;37.25;37.25;37.25;37.25;37.25;37.25;37.25;37.25;36.07;36.07;33.50;27.91;27.91;27.91;27.91
"03461";99.97;99.97;99.36;99.16;99.16;99.10;96.11;91.38;71.97;69.01;59.79;50.98;99.64;99.64;97.89;97.03;96.51;95.12;80.15;72.00;36.51;17.79;54.62;54.62;54.62;54.62;54.62;54.62;54.62;54.62;54.62;54.62;48.11;39.29;13.24;13.24;13.24;13.24
"03462";100.00;100.00;100.00;99.98;99.91;99.69;86.28;80.23;63.04;61.27;52.44;51.02;100.00;100.00;100.00;96.98;96.76;95.24;62.32;45.22;15.86;6.59;28.70;28.70;28.70;28.70;28.70;28.70;28.70;28.70;28.70;28.70;16.65;6.66;48.78;48.78;48.78;48.78
"04011";99.17;98.33;97.65;97.32;97.30;97.12;94.54;94.51;92.34;87.95;83.50;83.50;98.67;98.17;97.40;96.80;96.70;96.43;91.08;90.17;82.28;65.14;51.44;51.44;51.44;51.44;51.44;51.44;51.44;51.44;51.44;51.44;51.44;51.44;55.57;55.57;55.57;55.57
"04012";99.99;99.92;99.77;99.52;99.38;98.59;93.78;93.37;91.87;90.18;88.67;88.67;99.74;99.74;97.56;96.82;95.69;94.02;73.60;70.49;58.41;42.54;57.32;57.32;57.32;57.32;57.32;57.32;57.32;57.32;57.32;57.32;57.32;57.32;58.48;58.48;58.48;58.48
"05111";99.94;99.94;99.92;99.88;99.88;99.64;98.84;98.79;97.19;95.33;88.27;85.47;99.91;99.91;99.73;99.33;98.96;96.68;94.94;94.33;90.79;83.23;77.73;77.73;77.73;77.73;77.73;77.73;77.73;77.73;77.73;77.73;77.73;73.59;37.43;34.81;34.81;34.81
"05112";100.00;100.00;99.86;99.75;99.71;99.41;90.82;90.19;81.89;58.53;39.25;25.09;99.96;99.96;99.69;99.51;99.42;99.19;90.26;89.56;80.64;49.83;34.63;34.63;34.63;34.63;34.63;34.63;34.63;34.63;34.63;34.63;34.63;20.34;5.69;5.69;5.69;5.69
"05113";99.98;99.98;99.91;99.91;99.91;99.91;97.73;97.48;94.95;80.31;66.35;36.32;99.98;99.98;99.90;99.88;99.88;99.62;96.84;96.41;92.83;65.53;55.79;55.79;55.79;55.79;55.79;55.79;55.79;55.79;55.79;55.79;55.79;23.72;17.09;17.09;17.09;17.09
"05114";99.94;99.84;99.46;98.78;98.75;98.22;95.26;95.16;92.46;86.70;71.78;56.32;99.86;99.84;99.29;98.60;98.57;98.20;93.92;93.58;88.06;74.71;39.81;39.81;39.81;39.81;39.81;39.81;39.81;39.81;39.81;39.81;39.81;21.32;37.71;37.71;37.71;37.71
"05116";100.00;100.00;100.00;100.00;100.00;99.86;98.61;98.28;92.93;83.78;70.87;55.10;100.00;100.00;100.00;100.00;100.00;99.70;98.25;97.74;86.60;60.80;53.54;53.54;53.54;53.54;53.54;53.54;53.54;53.54;53.54;53.54;53.54;30.31;32.13;32.13;32.13;32.13
"05117";100.00;100.00;99.99;99.99;99.97;99.91;97.91;97.65;94.23;82.49;76.80;55.35;100.00;100.00;99.99;98.34;98.31;93.58;90.97;90.71;80.47;42.60;54.95;54.95;54.95;54.95;54.95;54.95;54.95;54.95;54.95;54.95;54.95;30.67;26.42;26.42;26.42;26.42
"05119";100.00;100.00;100.00;100.00;100.00;100.00;98.89;98.89;95.06;82.88;70.99;51.73;100.00;100.00;100.00;99.87;99.66;98.64;97.53;97.46;91.69;56.57;55.43;55.43;55.43;55.43;55.43;55.43;55.43;55.43;55.43;55.43;55.43;34.79;25.47;25.47;25.47;25.47
"05120";100.00;100.00;100.00;100.00;100.00;100.00;99.68;99.46;95.94;84.33;55.75;40.09;100.00;100.00;100.00;99.74;99.74;98.98;98.66;97.41;93.66;76.86;55.19;55.19;55.19;55.19;55.19;55.19;55.19;55.19;55.19;55.19;54.77;39.11;0.98;0.98;0.98;0.98
"05122";100.00;100.00;100.00;100.00;100.00;100.00;99.66;99.31;96.30;82.14;54.45;27.89;100.00;99.98;99.98;99.98;99.98;99.98;99.12;98.77;95.35;75.51;54.37;54.37;54.37;54.37;54.37;54.37;54.37;54.37;54.37;54.37;54.37;27.81;0.87;0.80;0.80;0.51
"05124";100.00;100.00;99.95;99.54;99.54;99.42;98.54;98.29;95.06;80.54;71.36;42.04;99.98;99.87;99.85;99.32;99.32;99.32;98.39;98.11;93.76;64.65;69.34;69.34;69.34;69.34;69.34;69.34;69.34;69.34;69.34;69.34;69.34;39.97;2.40;2.40;2.40;2.40
"05154";99.91;99.85;99.47;99.20;99.18;98.96;93.98;92.40;82.03;66.14;46.23;36.33;99.91;99.85;99.33;98.99;98.95;98.74;90.73;87.64;72.97;47.70;15.76;15.76;15.76;15.76;15.76;15.76;15.76;15.76;15.76;15.76;15.76;3.70;33.14;33.14;33.14;33.14
"05158";99.97;99.95;99.78;99.21;99.20;98.99;95.28;94.66;87.54;76.13;64.25;49.45;99.92;99.89;99.38;98.71;98.60;97.35;91.03;89.84;80.43;57.06;39.10;39.10;39.10;39.10;39.10;39.10;39.10;39.10;39.10;39.10;39.07;21.29;32.80;32.56;32.56;32.56
"05162";99.86;99.86;99.47;98.57;98.56;97.42;94.86;94.44;87.01;71.16;52.38;40.86;99.86;99.86;97.73;97.27;97.24;97.02;83.78;82.80;73.48;49.24;35.42;35.42;35.42;35.42;35.42;35.42;35.42;35.42;35.42;35.42;35.42;21.74;21.08;20.58;20.58;20.58
"05166";99.94;99.94;99.91;99.79;99.76;99.52;97.47;96.83;91.78;77.91;61.98;43.20;99.94;99.94;99.91;99.66;99.62;99.45;96.89;95.84;87.56;65.33;30.99;30.99;30.99;30.99;30.99;30.99;30.99;30.99;30.99;30.99;30.99;10.19;35.44;35.44;35.44;35.44
"05170";99.84;99.82;99.56;99.20;99.19;99.15;96.03;93.88;83.00;65.22;44.90;27.43;99.71;99.68;99.50;98.94;98.90;98.77;94.66;90.63;77.11;50.78;26.90;26.90;26.90;26.90;26.90;26.90;26.90;26.90;26.90;26.90;26.90;7.55;20.20;20.20;20.19;20.19
"05314";100.00;100.00;99.98;99.76;99.76;99.50;98.85;98.85;96.00;92.93;84.37;54.24;100.00;100.00;99.86;99.28;99.28;98.96;98.25;98.25;89.51;75.56;78.02;78.02;78.02;78.02;78.02;78.02;78.02;78.02;78.02;78.02;78.02;47.11;19.25;10.73;10.73;10.73
"05315";99.94;99.91;99.90;99.89;99.89;99.84;99.71;99.64;97.61;90.38;84.88;83.14;99.90;99.90;99.85;99.85;99.85;99.83;99.34;99.27;90.42;78.00;61.31;61.31;61.31;61.31;61.31;61.31;61.31;61.31;61.31;61.31;57.31;54.79;82.55;51.48;51.48;51.48
"05316";100.00;100.00;100.00;100.00;100.00;100.00;97.29;97.16;77.76;51.92;46.16;30.09;100.00;100.00;100.00;100.00;100.00;100.00;97.06;96.93;71.75;25.16;44.71;44.71;44.71;44.71;44.71;44.71;44.71;44.71;44.71;44.71;44.71;28.57;10.01;1.52;1.52;1.52
"05334";100.00;100.00;99.98;99.90;99.90;99.90;99.54;99.49;88.87;63.44;55.79;39.21;100.00;100.00;99.98;99.90;99.90;99.90;99.54;99.41;81.46;45.62;46.64;46.64;46.64;46.64;46.64;46.64;46.64;46.64;46.64;46.64;46.37;27.71;33.47;18.08;18.08;18.08
"05358";99.87;99.84;99.66;99.21;99.19;99.12;93.76;93.68;73.65;66.58;59.05;35.07;98.13;97.29;96.19;93.61;93.02;91.52;77.01;76.17;47.89;34.39;47.73;47.73;47.73;47.73;47.73;47.73;47.73;47.73;47.73;47.73;47.73;20.11;16.99;16.83;16.83;16.83
"05362";99.73;99.73;99.58;99.34;99.33;99.19;98.67;98.67;88.11;45.79;44.17;35.46;99.71;99.71;99.42;99.15;99.14;99.10;98.60;98.60;82.50;25.03;23.10;23.10;23.10;23.10;23.10;23.10;23.10;23.10;23.10;23.10;23.00;13.13;30.41;24.40;24.40;24.40
"05366";99.98;99.98;99.83;98.65;98.56;97.73;91.97;91.37;84.31;55.94;44.62;32.37;99.77;99.69;98.98;97.49;97.40;97.24;90.67;89.99;82.93;49.79;33.84;33.84;33.84;33.84;33.84;33.84;33.84;33.84;33.84;33.84;33.84;19.60;15.61;15.61;15.61;15.61
"05370";99.98;99.61;98.29;98.13;98.13;98.13;96.91;96.91;83.36;69.66;49.94;34.95;99.66;99.61;97.87;97.60;97.39;97.06;93.19;93.19;75.83;53.85;28.72;28.72;28.72;28.72;28.72;28.72;28.72;28.72;28.72;28.72;28.72;3.82;32.42;32.37;32.37;32.37
"05374";99.96;99.91;99.91;98.73;98.69;98.55;95.77;95.25;88.60;65.02;39.98;27.77;99.96;99.91;99.87;98.05;97.95;97.70;93.20;92.05;83.85;55.77;18.69;18.69;18.69;18.69;18.69;18.69;18.69;18.69;18.69;18.69;18.69;5.83;22.47;22.47;22.47;22.47
"05378";100.00;100.00;100.00;100.00;100.00;100.00;99.93;99.90;90.09;70.53;48.42;20.11;100.00;100.00;100.00;100.00;100.00;100.00;99.87;99.84;85.69;52.05;45.96;45.96;45.96;45.96;45.96;45.96;45.96;45.96;45.96;45.96;44.16;13.87;10.40;6.25;6.25;6.25
"05382";99.33;99.33;99.25;99.07;99.01;98.82;98.16;98.16;86.97;66.91;46.73;31.27;99.25;99.25;99.09;98.86;98.80;98.67;97.47;97.41;83.78;58.89;28.19;28.19;28.19;28.19;28.19;28.19;28.19;28.19;28.19;28.19;28.19;12.08;23.29;19.61;19.61;19.61
"05512";99.56;99.15;99.01;99.01;99.01;99.01;94.48;93.51;88.14;77.10;71.82;53.01;99.56;97.74;96.64;95.84;95.84;95.53;87.27;84.10;74.10;46.31;48.27;48.27;48.27;48.27;48.27;48.27;48.27;48.27;48.27;48.27;48.27;23.41;42.16;42.16;42.16;42.16
"05513";99.94;99.94;99.87;99.86;99.86;99.85;98.71;98.63;96.51;89.66;85.59;68.78;99.81;99.60;98.66;98.29;98.29;98.29;94.92;94.67;86.61;62.19;58.63;58.63;58.63;58.63;58.63;58.63;58.63;58.63;58.63;58.63;58.63;28.33;60.15;60.15;60.15;60.15
"05515";100.00;100.00;99.97;99.95;99.94;99.91;98.25;97.84;93.26;81.03;59.07;46.02;100.00;100.00;99.09;98.84;98.62;97.74;93.85;93.03;84.89;65.05;36.34;36.34;36.34;36.34;36.34;36.34;36.34;36.34;36.34;36.34;36.34;22.23;25.38;25.38;25.38;25.37
"05554";99.77;99.65;99.58;99.49;99.35;99.11;95.05;94.66;83.52;67.24;38.36;23.33;98.79;98.56;98.15;97.16;96.96;96.44;86.40;85.26;75.97;50.92;18.22;18.22;18.22;18.22;18.22;18.22;18.22;18.22;18.22;18.22;18.22;2.36;25.81;25.70;21.74;21.74
"05558";99.76;99.55;98.26;97.72;97.69;97.62;94.24;93.51;77.07;58.94;41.46;19.38;99.48;99.14;97.27;96.34;96.32;96.21;89.73;87.34;68.74;41.77;33.46;33.46;33.46;33.46;33.46;33.46;33.46;33.46;33.46;33.46;33.46;8.90;11.43;11.43;11.43;11.43
"05562";99.99;99.99;99.95;99.90;99.90;99.83;98.82;98.44;91.29;78.64;60.89;44.85;99.88;99.85;99.80;99.62;99.53;99.30;96.59;95.81;83.73;59.59;36.06;36.06;36.06;36.06;36.06;36.06;36.06;36.06;36.06;36.06;36.06;13.67;35.56;35.56;35.56;35.56
"05566";99.80;99.68;99.43;98.59;98.46;97.64;93.93;92.18;82.65;76.18;68.37;58.59;99.56;99.03;97.65;94.72;94.12;91.77;79.20;71.37;52.82;31.81;29.20;29.20;29.20;29.20;29.20;29.20;29.20;29.20;29.20;29.20;29.20;10.30;53.66;53.24;53.24;53.24
"05570";97.44;97.20;96.62;95.37;95.24;94.48;87.45;85.70;73.94;61.55;52.38;38.23;97.24;97.01;96.14;94.49;94.32;93.20;79.27;77.37;64.29;43.11;36.22;36.22;36.22;36.22;36.22;36.22;36.22;36.22;36.22;36.22;36.22;20.91;21.13;20.90;20.90;20.90
"05711";99.99;99.95;99.18;98.22;98.19;97.58;90.03;89.95;86.35;77.91;67.97;37.62;99.97;99.73;96.17;94.53;94.11;92.51;83.59;83.23;78.91;65.09;59.17;59.17;59.17;59.17;59.17;59.17;59.17;59.17;59.17;59.17;59.17;32.09;15.55;15.55;15.55;8.07
"05754";99.88;99.88;99.01;98.76;98.68;98.46;95.65;95.28;88.40;70.22;49.83;29.63;99.86;99.86;98.70;97.80;97.70;97.43;91.85;91.03;81.49;57.66;30.15;30.15;30.15;30.15;30.15;30.15;30.15;30.15;30.15;30.15;30.15;15.06;26.83;21.81;21.81;16.16
"05758";99.96;99.77;99.67;99.63;99.58;99.46;93.03;91.95;87.76;74.75;46.13;32.98;99.96;99.77;99.67;99.56;99.43;99.11;92.02;90.62;84.27;65.84;43.52;43.52;43.52;43.52;43.52;43.52;43.52;43.52;43.52;43.52;43.52;30.05;3.06;3.06;3.06;3.06
"05762";99.47;99.35;98.60;97.39;97.05;95.71;75.30;72.36;61.61;51.06;47.46;14.55;99.22;98.60;93.37;89.61;88.76;85.84;66.08;62.99;49.16;25.51;44.43;44.43;44.43;44.43;44.43;44.43;44.43;44.43;44.43;44.43;44.43;11.52;3.03;3.03;3.03;3.03
"05766";99.95;99.68;98.42;96.34;96.21;95.85;82.16;79.44;71.39;58.63;45.08;27.79;99.87;99.51;98.14;95.21;94.52;92.65;76.58;74.04;64.47;42.52;42.66;42.66;42.66;42.66;42.66;42.66;42.66;42.66;42.66;42.66;42.66;26.51;2.64;2.64;2.64;1.49
"05770";99.96;99.96;99.65;98.12;98.10;97.27;88.88;88.45;80.93;65.55;46.61;27.14;99.96;99.96;99.65;98.02;97.96;96.99;88.39;87.81;78.08;50.41;40.88;40.88;40.88;40.88;40.88;40.88;40.88;40.88;40.88;40.88;40.88;21.38;5.84;5.84;5.84;5.84
"05774";99.50;99.41;99.35;99.32;99.22;98.90;94.49;94.02;89.85;75.36;60.18;50.31;99.50;99.41;99.30;98.81;98.63;98.21;91.65;90.04;82.35;60.62;28.98;28.98;28.98;28.98;28.98;28.98;28.98;28.98;28.98;28.98;28.98;18.44;33.18;33.18;33.18;33.18
"05911";99.94;99.94;99.78;99.43;99.41;98.74;94.01;93.48;87.77;77.33;65.81;65.48;99.93;99.93;98.84;98.51;98.38;97.91;91.89;91.03;84.44;67.83;53.52;53.52;53.52;53.52;53.52;53.52;53.52;53.52;53.52;53.52;53.52;53.20;21.29;21.29;21.29;21.29
"05913";99.81;99.81;99.62;99.61;99.60;99.51;96.32;95.66;91.30;78.83;66.21;51.17;99.12;99.12;98.89;98.76;98.70;98.14;94.59;93.69;87.90;59.15;48.92;48.92;48.92;48.92;48.92;48.92;48.92;48.92;48.92;48.92;48.91;27.22;32.84;32.84;32.84;32.84
"05914";99.71;99.65;99.53;99.47;99.47;99.44;98.84;98.82;97.91;93.08;85.47;62.21;99.68;99.25;97.14;95.66;95.29;94.73;87.46;87.35;83.99;72.13;58.79;58.79;58.79;58.79;58.79;58.79;58.79;58.79;58.79;58.79;58.79;30.82;37.88;37.88;37.88;37.88
"05915";100.00;100.00;100.00;100.00;100.00;100.00;98.57;98.48;97.20;74.30;49.18;22.83;99.97;99.97;99.97;99.77;99.73;99.57;92.49;87.23;79.39;63.10;40.50;40.50;40.50;40.50;40.50;40.50;40.50;40.50;40.50;40.50;40.50;13.11;32.49;9.81;9.81;9.81
"05916";99.85;99.79;98.97;97.93;97.93;94.97;94.54;92.70;84.90;63.54;31.42;15.47;99.85;99.53;95.90;94.97;94.97;94.97;94.54;92.70;84.89;62.04;25.73;25.73;25.73;25.73;25.73;25.73;25.73;25.73;25.73;25.73;25.73;8.73;7.64;7.64;7.64;7.55
"05954";100.00;99.77;99.55;99.23;99.22;98.90;96.17;95.82;89.15;68.87;53.65;34.51;100.00;99.77;99.42;98.99;98.98;98.83;95.96;95.62;87.58;50.17;45.21;45.21;45.21;45.21;45.21;45.21;45.21;45.21;45.21;45.21;45.21;21.81;15.60;15.60;15.60;15.60
"05958";99.77;99.77;99.58;99.48;99.41;99.06;95.46;94.82;87.14;75.02;70.41;48.28;99.25;99.22;98.36;98.20;97.93;96.56;90.60;89.07;72.61;44.88;62.57;62.57;62.57;62.57;62.57;62.57;62.57;62.57;62.57;62.57;62.57;38.37;12.60;12.60;12.60;12.60
"05962";99.85;99.63;99.01;97.89;97.85;97.46;91.33;90.88;86.70;76.42;57.66;35.31;99.60;99.00;96.97;94.33;94.02;92.55;83.68;82.67;77.32;58.95;41.27;41.27;41.27;41.27;41.27;41.27;41.27;41.27;41.27;41.27;41.27;16.69;28.67;28.67;20.05;20.05
"05966";100.00;99.97;99.79;99.79;99.79;99.79;97.69;96.85;90.35;71.19;57.28;40.18;99.91;99.88;99.53;99.53;99.53;99.53;97.35;96.38;87.73;63.84;26.67;26.67;26.67;26.67;26.67;26.67;26.67;26.67;26.67;26.67;26.67;6.29;35.34;35.34;35.34;35.34
"05970";99.86;99.86;99.56;99.30;99.30;99.26;97.65;96.99;92.02;79.21;66.36;47.18;99.78;99.66;98.28;96.73;96.67;96.29;91.63;90.41;81.38;60.34;50.17;50.17;50.17;50.17;50.17;50.17;50.17;50.17;50.17;50.17;50.17;30.37;18.27;18.27;18.27;18.27
"05974";99.84;99.80;99.71;99.63;99.57;99.46;95.26;94.65;88.18;77.25;68.73;50.23;99.47;99.44;98.78;96.30;95.92;95.24;82.51;81.15;67.99;44.60;39.39;39.39;39.39;39.39;39.39;39.39;39.39;39.39;39.39;39.39;39.39;17.17;34.18;34.18;34.18;34.18
"05978";99.99;99.99;99.88;99.77;99.75;99.48;97.62;96.90;89.21;77.46;60.95;45.07;99.43;99.40;98.63;97.78;97.70;97.45;93.26;91.90;81.02;58.70;35.87;35.87;35.87;35.87;35.87;35.87;35.87;35.87;35.87;35.87;35.87;16.77;31.31;31.25;31.25;31.25
"06411";99.96;99.96;99.81;99.68;99.68;99.45;99.19;99.09;92.91;83.61;62.15;52.45;99.81;99.78;99.54;98.43;98.34;95.55;93.30;92.79;77.38;60.76;45.25;45.25;45.25;45.25;45.25;45.25;45.25;45.25;45.25;45.25;45.25;24.16;45.58;45.58;45.58;45.58
"06412";99.76;99.76;99.75;99.72;99.72;99.62;98.06;97.43;94.57;90.82;80.43;80.32;99.76;99.76;99.60;99.42;99.04;95.33;90.83;87.80;74.77;59.25;77.99;77.99;77.99;77.99;77.99;77.99;77.99;77.99;77.99;77.99;77.99;77.87;14.68;14.68;14.68;14.68
"06413";100.00;100.00;99.96;99.96;99.96;99.79;99.67;99.50;98.89;94.51;74.03;51.84;100.00;100.00;99.91;99.91;99.89;99.65;99.23;98.81;97.41;89.27;65.28;65.28;65.28;65.28;65.28;65.28;65.28;65.28;65.28;65.28;65.28;40.86;18.65;18.65;18.65;18.65
"06414";99.69;99.69;99.15;98.58;98.01;97.17;89.76;89.48;85.07;71.67;35.22;32.07;99.69;99.69;99.11;98.54;97.98;96.91;89.12;88.84;84.01;68.74;17.10;17.10;17.10;17.10;17.10;17.10;17.10;17.10;17.10;17.10;17.10;13.95;20.18;20.18;20.18;20.18
"06431";99.96;99.95;99.95;99.81;99.80;99.73;98.49;98.34;88.38;81.27;77.38;70.03;99.92;99.91;99.87;99.60;99.51;99.29;95.34;95.09;74.06;42.55;43.02;43.02;43.02;43.02;43.02;43.02;43.02;43.02;43.02;43.02;43.02;23.79;61.97;61.97;61.97;61.97
"06432";99.92;99.92;99.88;99.88;99.88;99.88;99.35;99.08;92.87;75.54;47.81;34.62;99.92;99.92;99.80;99.80;99.79;99.77;97.41;97.05;89.13;60.27;29.22;29.22;29.22;29.22;29.22;29.22;29.22;29.22;29.22;29.22;29.22;7.54;29.56;29.56;29.56;29.56
"06433";99.92;99.92;99.88;99.84;99.82;99.68;97.94;97.01;89.44;76.59;42.35;22.79;99.92;99.92;99.88;99.74;99.64;99.06;96.98;95.72;87.63;71.18;29.48;29.48;29.48;29.48;29.48;29.48;29.48;29.48;29.48;29.48;29.48;8.75;15.44;15.44;15.44;15.44
"06434";99.90;99.86;99.85;99.85;99.81;99.80;98.20;97.69;96.88;92.66;82.39;61.61;98.80;98.71;98.36;98.24;98.08;97.68;95.47;94.85;88.58;79.58;80.02;80.02;80.02;80.02;80.02;80.02;80.02;80.02;80.02;80.02;80.02;55.98;18.69;18.69;18.69;18.69
"06435";99.74;99.74;99.62;99.58;99.57;99.52;98.24;97.17;61.95;53.82;41.78;27.18;99.74;99.74;99.25;99.18;99.13;98.80;96.50;94.90;45.59;32.53;37.76;37.76;37.76;37.76;37.76;37.76;37.76;37.76;37.76;37.76;37.76;23.11;4.54;4.54;4.54;4.54
"06436";99.22;99.22;99.15;99.12;99.12;99.07;97.67;97.60;91.93;88.21;78.60;48.85;99.16;99.12;99.11;98.89;98.77;97.93;94.81;94.62;83.92;66.15;62.29;62.29;62.29;62.29;62.29;62.29;62.29;62.29;62.29;62.29;62.29;23.30;27.49;27.49;27.49;27.49
"06437";99.80;99.68;99.68;99.68;99.62;99.48;94.57;94.33;55.23;51.60;51.60;24.68;99.80;98.02;98.02;98.02;97.76;97.01;80.41;79.83;6.23;0.20;49.14;49.14;49.14;49.14;49.14;49.14;49.14;49.14;49.14;49.14;49.14;17.82;11.76;11.76;11.76;11.76
"06438";99.99;99.97;99.84;99.79;99.79;99.67;98.91;98.23;96.35;89.48;78.02;62.11;99.97;99.95;99.55;99.20;99.18;98.50;93.68;92.86;87.70;67.37;42.56;42.56;42.56;42.56;42.56;42.56;42.56;42.56;42.56;42.56;42.56;17.81;54.61;54.61;54.61;54.61
"06439";100.00;99.59;98.23;97.35;97.32;95.85;91.34;90.78;85.19;78.09;62.95;22.49;99.76;99.35;94.58;94.48;94.42;94.02;86.83;85.57;78.52;59.80;61.31;61.31;61.31;61.31;61.31;61.31;61.31;61.31;61.31;61.31;61.31;19.43;3.65;3.65;3.65;3.65
"06440";99.64;99.62;99.47;99.24;99.24;99.03;97.58;97.25;90.99;76.63;47.84;23.95;99.51;99.38;98.72;98.47;98.47;98.44;96.46;96.00;86.35;61.89;36.98;36.98;36.98;36.98;36.98;36.98;36.98;36.98;36.98;36.98;36.98;10.22;14.40;14.40;14.40;14.40
"06531";99.78;99.78;99.75;99.74;99.73;99.63;98.23;97.34;92.72;69.37;37.14;26.60;99.78;99.78;99.72;99.72;99.71;99.59;97.79;96.87;91.49;63.75;26.63;26.63;26.63;26.63;26.63;26.63;26.63;26.63;26.63;26.63;26.63;15.57;12.27;12.27;12.27;12.27
"06532";99.91;99.91;99.91;99.91;99.88;99.82;99.53;99.24;92.99;71.92;47.89;34.26;99.91;99.91;99.91;99.91;99.88;99.82;99.53;99.24;92.53;64.86;34.57;34.57;34.57;34.57;34.57;34.57;34.57;34.57;34.57;34.57;34.57;19.43;18.41;18.41;18.41;18.41
"06533";100.00;100.00;99.93;99.93;99.85;99.63;96.76;96.19;90.35;70.54;33.87;11.40;100.00;100.00;99.93;99.93;99.85;99.63;96.54;95.66;88.60;65.49;29.50;29.50;29.50;29.50;29.50;29.50;29.50;29.50;29.50;29.50;29.50;4.12;7.28;7.28;7.28;7.28
"06534";99.76;99.76;99.76;99.72;99.72;99.61;98.17;98.17;92.91;73.24;54.63;34.58;99.53;99.37;99.37;99.37;99.37;99.35;97.92;97.92;90.82;63.91;37.16;37.16;37.16;37.16;37.16;37.16;37.16;37.16;37.16;37.16;37.16;16.60;19.87;19.87;19.87;19.87
"06535";98.39;96.12;96.12;94.69;94.69;94.69;88.45;88.27;81.00;63.36;44.41;16.60;97.72;95.45;95.45;93.99;93.99;93.91;87.66;87.44;77.79;55.36;32.67;32.67;32.67;32.67;32.67;32.67;32.67;32.67;32.67;32.67;32.67;4.85;12.22;12.22;12.22;12.22
"06611";99.56;99.56;99.53;99.34;99.34;99.03;91.94;90.84;85.32;60.65;36.60;20.65;99.04;99.04;98.82;98.65;98.60;97.93;84.78;83.25;77.59;46.07;33.05;33.05;33.05;33.05;33.05;33.05;33.05;33.05;33.05;33.05;33.05;16.95;3.77;3.77;3.77;3.77
"06631";99.64;99.60;99.43;99.42;99.41;99.37;99.19;99.00;89.68;73.69;57.10;37.62;99.45;99.21;96.76;96.51;96.50;96.46;94.51;94.26;88.21;65.00;50.51;50.51;50.51;50.51;50.51;50.51;50.51;50.51;50.51;50.51;50.51;30.96;7.79;7.79;7.79;7.79
"06632";99.72;99.58;99.25;98.39;98.38;97.17;86.39;85.89;75.86;59.91;53.14;29.42;99.72;99.58;99.00;97.24;97.23;97.05;86.13;85.63;73.59;45.27;49.48;49.48;49.48;49.48;49.48;49.48;49.48;49.48;49.48;49.48;49.48;25.75;4.51;4.51;4.51;4.51
"06633";99.65;99.62;99.38;94.56;94.53;94.14;89.02;85.19;70.69;48.12;36.42;23.42;99.37;99.08;98.84;92.30;92.20;92.13;85.75;84.33;67.88;38.43;28.81;28.81;28.81;28.81;28.81;28.81;28.81;28.81;28.81;28.81;28.81;14.84;8.78;8.78;8.78;8.78
"06634";99.31;99.04;97.27;95.13;95.12;94.83;84.25;82.15;60.41;43.78;36.53;23.32;99.05;98.78;96.54;94.48;94.44;94.30;83.60;80.86;58.61;32.40;30.72;30.72;30.72;30.72;30.72;30.72;30.72;30.72;30.72;30.72;30.72;17.51;6.11;6.11;6.11;6.11
"06635";99.79;99.44;98.98;97.58;97.58;97.49;91.95;90.84;81.83;67.52;57.03;31.06;99.55;98.99;97.82;96.24;96.24;96.10;90.16;87.61;73.02;47.14;54.75;54.75;54.75;54.75;54.75;54.75;54.75;54.75;54.75;54.75;54.75;28.69;2.48;2.48;2.48;2.48
"06636";99.97;99.86;99.81;99.65;99.65;99.20;85.86;84.73;59.61;41.07;31.69;13.54;99.44;99.44;99.44;99.28;99.28;98.83;84.75;83.31;55.63;32.62;25.21;25.21;25.21;25.21;25.21;25.21;25.21;25.21;25.21;25.21;25.21;6.61;7.11;7.11;7.11;7.11
"07111";100.00;100.00;99.12;97.41;97.41;97.17;89.52;89.50;87.43;80.06;72.65;66.58;100.00;100.00;98.89;97.17;97.17;97.17;89.34;89.32;86.78;77.35;27.48;27.48;27.48;27.48;27.48;27.48;27.48;27.48;27.48;27.48;27.48;17.27;62.91;62.91;62.91;62.91
"07131";99.30;99.30;98.99;98.65;98.59;98.29;91.95;90.71;83.88;71.91;50.35;43.65;98.98;98.98;97.95;94.49;94.33;93.76;87.14;83.43;72.96;55.62;23.10;23.10;23.10;23.10;23.10;23.10;23.10;23.10;23.10;23.10;20.73;13.24;31.18;31.18;31.18;31.18
"07132";100.00;100.00;99.88;99.88;99.88;99.88;97.76;96.93;82.76;40.56;18.79;8.40;100.00;100.00;99.88;99.88;99.83;99.42;97.18;96.34;79.01;31.67;27.00;27.00;27.00;27.00;27.00;27.00;27.00;27.00;27.00;20.75;16.31;5.91;2.60;2.60;2.60;2.60
"07133";99.78;99.45;99.34;99.10;99.10;99.08;97.35;95.30;83.83;74.38;40.67;33.01;99.67;99.34;98.51;96.68;96.62;96.04;89.95;84.98;62.16;45.82;24.81;24.81;24.81;24.81;24.81;24.81;24.81;24.81;24.81;24.81;17.39;8.60;25.08;25.08;25.08;25.08
"07134";99.70;99.70;99.70;99.70;99.57;99.21;94.03;91.00;79.43;66.51;53.97;46.50;98.49;96.00;96.00;93.89;93.44;90.18;79.31;73.78;52.74;35.09;24.31;24.31;24.31;24.31;24.31;24.31;24.31;24.31;24.31;24.31;23.55;11.23;43.32;43.32;43.32;43.32
"07135";99.44;99.44;97.88;97.70;97.38;96.28;90.93;76.44;34.40;32.32;26.90;20.42;99.44;99.44;97.03;96.25;95.84;94.39;85.34;58.71;9.53;7.31;7.06;7.06;7.06;7.06;7.06;7.06;7.06;7.06;7.06;7.06;7.06;0.22;20.19;20.19;20.19;20.19
"07137";99.95;99.89;99.41;99.37;99.32;99.12;97.63;96.52;79.59;58.39;47.44;35.42;99.89;99.78;98.78;98.47;98.07;96.65;91.65;89.98;69.72;40.94;29.08;29.08;29.08;29.08;29.08;29.08;29.08;29.08;29.08;29.08;29.08;13.49;24.25;24.25;24.25;24.25
"07138";99.87;99.87;99.85;99.83;99.80;99.69;99.03;97.50;88.96;50.81;26.50;18.17;99.81;99.81;99.66;99.37;99.35;99.24;97.84;96.18;87.82;43.91;22.39;22.39;22.39;22.39;22.39;22.39;22.39;22.39;22.39;22.39;22.12;13.78;4.55;4.55;4.55;4.55
"07140";98.66;98.66;98.10;97.12;96.92;96.18;90.20;89.83;75.56;71.88;62.77;55.88;98.41;98.20;96.44;91.66;90.86;88.98;70.29;68.91;31.40;12.45;25.97;25.97;25.97;25.97;25.97;25.97;25.97;25.97;25.97;24.66;20.37;9.95;48.78;48.78;48.78;48.78
"07141";99.79;99.79;99.57;99.42;99.09;97.89;94.32;89.10;68.30;52.31;33.64;20.06;99.62;99.62;99.20;99.05;98.55;95.72;91.44;85.35;54.46;28.47;37.43;37.43;37.43;37.43;37.43;37.43;37.43;37.43;37.43;36.68;32.38;18.49;1.71;1.71;1.71;1.71
"07143";98.11;97.12;96.59;94.21;94.03;93.38;84.03;81.76;68.77;52.27;33.75;20.45;96.57;94.50;93.23;89.36;89.17;88.42;75.83;73.90;62.53;41.46;35.09;35.09;35.09;35.09;35.09;35.09;35.09;35.09;35.09;30.73;24.09;10.64;9.91;9.91;9.91;9.91
"07211";99.99;99.80;99.52;99.41;99.40;99.09;93.52;93.14;83.97;71.26;55.79;55.79;99.49;99.10;97.91;97.78;97.77;97.75;91.01;90.56;79.06;55.77;50.09;50.09;50.09;50.09;50.09;50.09;50.09;50.09;50.09;50.09;50.09;50.09;9.62;9.62;9.62;9.62
"07231";99.84;99.84;99.45;99.16;98.87;97.85;93.83;92.24;73.86;63.04;56.62;50.98;99.57;99.49;98.40;97.36;97.06;96.00;86.71;85.14;55.92;37.59;18.00;18.00;18.00;18.00;18.00;18.00;18.00;18.00;18.00;18.00;18.00;9.77;43.81;43.81;43.81;43.81
"07232";99.59;99.59;99.59;99.59;99.59;99.59;97.00;96.41;89.53;66.43;41.27;41.27;99.59;99.59;99.59;99.59;99.59;99.59;97.00;96.41;88.33;64.48;19.95;19.95;19.95;19.95;19.95;19.95;19.95;19.95;19.95;19.95;19.95;19.95;21.51;21.51;21.51;21.51
"07233";99.17;99.16;95.71;94.59;94.59;94.55;87.23;86.23;76.83;67.35;53.30;48.95;98.06;97.78;94.60;91.51;91.51;91.47;79.72;76.15;52.51;24.25;12.41;12.41;12.41;12.41;12.41;12.41;12.41;12.41;12.41;12.41;12.41;8.06;44.50;44.50;44.50;44.50
"07235";99.97;99.82;99.82;99.62;99.62;99.62;96.01;92.70;80.81;62.84;51.91;51.91;99.18;98.67;98.07;97.41;97.22;96.74;85.97;80.64;62.14;31.62;24.03;24.03;24.03;24.03;24.03;24.03;24.03;24.03;24.03;24.03;24.03;24.03;35.62;35.62;35.62;35.62
"07311";100.00;100.00;100.00;99.05;99.05;99.05;99.05;98.97;97.73;95.82;68.35;67.84;100.00;100.00;100.00;98.48;97.84;93.96;93.96;93.21;90.76;74.41;80.03;80.03;80.03;80.03;80.03;80.03;80.03;80.03;80.03;80.03;58.57;57.70;31.65;31.65;31.65;31.65
"07312";99.60;99.44;99.33;99.33;99.33;99.33;97.10;96.57;94.53;82.19;72.12;46.84;99.60;99.44;99.33;99.32;99.19;99.05;93.88;93.16;86.63;51.42;62.37;62.37;62.37;62.37;62.37;62.37;62.37;62.37;62.37;62.37;61.51;33.02;19.35;19.35;19.35;19.35
"07313";100.00;100.00;100.00;99.80;99.62;99.07;98.20;95.84;84.75;76.84;73.22;61.15;100.00;100.00;100.00;99.80;99.62;99.07;97.77;94.88;82.31;69.07;33.53;33.53;33.53;33.53;33.53;33.53;33.53;33.53;33.53;33.53;33.53;21.47;46.98;46.98;46.98;46.98
"07314";99.63;99.63;99.63;99.63;99.62;99.57;98.38;96.39;92.98;91.09;88.21;74.40;99.63;99.63;99.63;99.63;99.51;98.66;95.73;92.72;79.62;43.08;84.79;84.79;84.79;84.79;84.79;84.79;84.79;84.79;84.79;84.79;84.41;69.74;13.10;13.10;13.10;13.10
"07315";99.93;99.88;99.64;99.56;99.51;99.40;98.21;98.02;96.56;89.77;70.45;70.45;99.93;99.88;99.64;99.54;99.49;99.38;97.91;97.44;95.13;84.22;38.67;38.67;38.67;38.67;38.67;38.67;38.67;38.67;38.67;38.67;38.67;38.67;41.80;41.80;41.80;41.80
"07316";99.89;99.89;99.60;99.31;99.31;98.74;98.74;97.16;87.42;82.74;63.79;63.49;98.57;98.10;97.22;96.93;96.90;96.27;95.97;92.00;70.38;49.78;55.36;55.36;55.36;55.36;55.36;55.36;55.36;55.36;55.36;55.36;37.68;37.38;28.33;28.33;28.33;28.33
"07317";100.00;100.00;100.00;100.00;100.00;100.00;96.04;95.14;87.25;72.18;52.87;45.98;100.00;100.00;100.00;100.00;100.00;99.75;95.26;94.36;83.88;54.36;48.57;48.57;48.57;48.57;48.57;48.57;48.57;48.57;48.57;48.57;40.93;34.04;20.19;20.19;20.19;20.19
"07318";100.00;100.00;99.91;99.61;99.61;99.33;98.57;96.61;91.13;82.81;63.96;49.31;99.62;99.62;99.52;98.95;98.95;98.95;97.77;95.81;88.59;74.91;54.07;54.07;54.07;54.07;54.07;54.07;54.07;54.07;54.07;54.07;54.07;39.24;10.26;10.26;10.26;10.26
"07319";99.83;99.83;99.83;99.76;99.76;99.62;97.00;96.33;91.89;80.55;63.36;46.92;99.83;99.66;99.66;99.56;99.56;99.45;94.84;93.98;89.34;59.16;56.73;56.73;56.73;56.73;56.73;56.73;56.73;56.73;56.73;56.73;56.73;40.29;10.34;10.34;10.31;10.31
"07320";100.00;100.00;99.93;99.93;99.93;99.93;97.36;96.80;87.92;76.09;26.52;24.88;100.00;100.00;99.90;99.90;99.90;99.90;95.69;95.34;85.89;70.05;26.31;26.31;26.31;26.31;26.31;26.31;26.31;26.31;26.31;26.31;17.95;16.31;8.64;8.64;8.64;8.64
"07331";97.53;97.53;97.37;97.24;97.15;97.01;95.94;95.21;88.82;74.56;67.84;65.34;96.81;96.81;96.62;96.41;96.32;96.14;90.42;88.87;77.47;49.58;26.40;26.40;26.40;26.40;26.40;26.40;26.40;26.40;26.40;26.40;19.68;15.78;54.70;54.70;54.70;54.70
"07332";100.00;100.00;99.85;99.49;99.23;98.58;96.59;96.20;92.26;81.59;59.54;57.89;100.00;100.00;96.84;95.48;94.07;89.69;78.29;74.67;64.03;39.37;44.95;44.95;44.95;44.95;44.95;44.95;44.95;44.95;44.95;44.95;28.19;25.80;41.71;41.71;41.71;41.71
"07333";99.32;99.32;97.95;96.19;96.14;95.87;81.43;79.72;65.52;56.54;29.64;20.43;99.32;99.32;97.05;95.25;95.19;94.89;76.19;74.08;57.90;34.58;32.62;32.62;32.62;32.62;32.62;32.62;32.62;32.62;32.62;32.62;25.51;15.67;5.10;5.10;5.10;5.10
"07334";98.16;96.38;96.32;96.13;96.02;95.95;90.82;83.68;73.10;54.26;37.54;28.36;94.75;93.54;93.36;93.12;92.95;92.79;87.52;79.73;65.17;41.76;22.45;22.45;22.45;22.45;22.45;22.45;22.45;22.45;22.45;22.45;21.58;12.31;16.43;16.43;16.43;16.43
"07335";99.58;98.44;96.51;92.88;92.86;91.04;69.41;68.72;63.21;53.77;37.40;29.45;99.18;98.04;93.21;90.69;90.05;88.89;60.00;57.23;48.67;31.04;31.54;31.54;31.54;31.54;31.54;31.54;31.54;31.54;31.54;31.54;26.34;17.89;12.82;12.82;12.82;12.82
"07336";100.00;100.00;100.00;100.00;100.00;100.00;94.49;92.80;85.32;74.72;63.48;57.79;100.00;100.00;99.81;98.52;98.29;97.41;75.62;66.83;45.98;19.37;37.30;37.30;37.30;37.30;37.30;37.30;37.30;37.30;37.30;37.30;33.49;25.96;35.25;35.25;35.25;35.25
"07337";99.82;99.82;98.78;98.65;98.60;98.29;93.99;87.06;65.28;60.56;52.77;49.57;99.71;98.66;95.72;95.21;94.92;94.56;79.78;69.29;36.66;18.79;22.40;22.40;22.40;22.40;22.40;22.40;22.40;22.40;22.40;22.40;18.59;12.27;42.32;42.32;42.32;42.32
"07338";99.99;99.99;99.99;99.68;99.68;99.68;97.29;96.62;86.07;73.02;66.94;58.33;99.85;99.54;99.54;99.23;99.18;98.92;94.63;90.97;72.68;38.08;55.50;55.50;55.50;55.50;55.50;55.50;55.50;55.50;55.50;55.50;54.12;45.39;15.64;15.64;15.64;15.64
"07339";99.92;99.92;99.92;99.92;99.77;99.18;97.26;97.26;88.39;76.00;59.19;58.72;99.92;99.92;99.74;99.74;99.30;98.73;91.47;91.33;78.37;52.14;30.74;30.74;30.74;30.74;30.74;30.74;30.74;30.74;30.74;30.74;23.81;23.35;37.72;37.72;37.71;37.71
"07340";100.00;100.00;99.74;99.49;99.22;98.87;96.32;90.80;80.17;73.60;58.46;51.42;100.00;100.00;98.95;98.70;96.67;94.00;86.99;81.30;67.60;56.01;29.95;29.95;29.95;29.95;29.95;29.95;29.95;29.95;29.95;29.95;26.99;19.30;36.04;36.04;36.04;36.04
"08111";100.00;100.00;99.98;99.97;99.92;99.76;97.13;96.76;94.16;91.24;79.18;63.45;99.99;99.99;99.55;99.54;99.34;98.24;94.79;93.45;88.46;80.70;50.30;50.30;50.30;50.30;50.30;50.30;50.30;50.30;50.30;50.30;50.30;27.34;44.73;44.73;44.73;44.73
"08115";100.00;100.00;100.00;99.81;99.80;99.48;96.48;95.78;92.32;81.23;64.53;52.41;99.37;99.37;97.58;97.11;97.06;96.74;92.95;91.91;85.72;63.89;48.36;48.36;48.36;48.36;48.36;48.36;48.36;48.36;48.36;48.36;48.36;32.98;33.78;33.78;33.78;31.96
"08116";99.98;99.90;99.66;99.41;99.40;99.03;94.62;93.88;89.64;77.83;58.74;39.15;99.86;99.65;98.91;98.40;98.37;98.19;93.38;92.19;86.46;70.40;43.75;43.75;43.75;43.75;43.75;43.75;43.75;43.75;43.75;43.75;43.75;19.62;26.05;26.05;26.05;26.05
"08117";99.86;99.86;99.79;99.36;99.36;99.35;97.99;97.64;93.56;77.01;69.50;43.59;97.70;97.46;96.80;96.02;96.02;95.92;92.58;91.42;86.46;58.01;59.35;59.35;59.35;59.35;59.35;59.35;59.35;59.35;59.35;59.35;59.35;30.26;17.61;17.61;17.61;17.61
"08118";99.92;99.91;99.70;99.55;99.50;99.18;96.66;96.50;90.05;79.53;66.57;46.93;99.89;99.87;99.03;98.71;98.64;98.32;94.22;93.04;87.25;70.07;48.59;48.59;48.59;48.59;48.59;48.59;48.59;48.59;48.59;48.59;48.59;25.77;27.01;26.97;26.97;26.97
"08119";99.95;99.63;99.30;98.88;98.85;98.50;96.10;94.94;89.70;79.84;67.56;49.92;99.37;99.20;97.63;96.39;96.24;95.46;89.31;88.74;83.80;67.08;49.22;49.22;49.22;49.22;49.22;49.22;49.22;49.22;49.22;49.22;49.22;23.66;32.03;31.94;31.94;31.94
"08121";99.78;99.78;99.78;99.68;99.50;98.99;97.45;94.09;50.31;42.33;33.16;32.98;99.78;99.78;99.78;99.64;99.30;98.18;96.46;87.45;34.03;22.88;29.53;29.53;29.53;29.53;29.53;29.53;29.53;29.53;29.53;29.53;29.53;29.35;4.09;4.09;4.09;4.09
"08125";99.90;99.84;99.83;99.68;99.68;99.65;96.28;95.69;89.34;71.73;49.75;30.90;99.71;99.51;99.21;99.00;98.92;98.55;94.35;93.16;83.42;56.34;38.64;38.64;38.64;38.64;38.64;38.64;38.64;38.64;38.64;38.64;38.64;18.95;12.82;12.82;12.82;12.82
"08126";99.69;99.69;98.65;96.96;96.86;95.66;80.49;78.31;66.55;51.95;48.17;30.09;99.22;99.22;97.57;93.33;92.26;88.85;69.88;67.32;50.23;28.28;42.38;42.38;42.38;42.38;42.38;42.38;42.38;42.38;42.38;42.38;42.38;23.96;7.29;7.29;7.29;7.29
"08127";99.78;99.66;98.10;97.40;97.09;96.50;90.84;90.22;81.55;68.37;54.01;33.73;99.36;99.24;93.45;92.28;91.86;91.15;83.05;82.06;71.25;50.78;45.01;45.01;45.01;45.01;45.01;45.01;45.01;45.01;45.01;45.01;45.01;23.76;11.63;11.63;11.22;11.22
"08128";99.60;99.60;99.60;99.60;99.60;99.59;98.98;98.98;94.79;76.80;60.34;47.24;99.51;99.51;99.51;99.51;99.51;99.50;98.89;98.89;93.73;67.86;35.40;35.40;35.40;35.40;35.40;35.40;35.40;35.40;35.40;35.40;35.40;19.67;33.94;33.94;33.94;33.94
"08135";99.24;99.24;99.13;98.95;98.94;98.92;93.57;91.09;74.35;64.79;44.38;26.31;97.86;97.48;97.23;96.67;96.50;95.79;81.89;79.21;62.11;45.08;40.23;40.23;40.23;40.23;40.23;40.23;40.23;40.23;40.23;40.23;40.23;21.96;5.27;4.71;4.48;4.48
"08136";99.72;99.51;98.99;97.57;97.53;97.29;88.55;87.11;72.23;61.18;48.46;25.94;99.30;98.82;97.91;95.07;95.02;94.88;77.98;74.83;58.54;41.19;39.71;39.71;39.71;39.71;39.71;39.71;39.71;39.71;39.71;39.71;39.71;14.96;15.38;14.31;12.62;12.62
"08211";100.00;100.00;100.00;99.83;99.83;99.83;98.37;98.37;94.89;88.15;62.02;36.06;100.00;100.00;100.00;99.83;99.83;99.83;95.37;95.37;89.98;81.84;59.59;59.59;59.59;59.59;59.59;59.59;59.59;59.59;59.59;59.59;59.59;33.45;2.61;2.61;2.61;2.61
"08212";100.00;100.00;99.96;99.93;99.88;99.70;98.47;97.27;94.68;81.80;72.08;46.56;99.17;99.17;98.94;98.78;98.69;97.94;93.94;92.42;85.93;58.07;71.60;71.60;71.60;71.60;71.60;71.60;71.60;71.60;71.60;71.60;71.60;45.24;2.80;2.80;2.80;2.80
"08215";99.64;99.21;98.96;98.60;98.58;98.45;95.56;94.64;87.38;74.30;62.28;43.08;98.69;98.09;94.92;93.69;93.58;92.98;87.70;85.32;69.87;42.18;46.25;46.25;46.25;46.25;46.25;46.25;46.25;46.25;46.25;46.25;46.25;23.02;22.64;22.64;22.64;22.64
"08216";99.75;99.65;99.43;99.36;99.35;99.15;92.50;91.93;86.68;67.37;43.20;29.10;99.75;99.65;99.35;99.18;99.16;98.66;91.67;91.10;84.34;54.27;29.47;29.47;29.47;29.47;29.47;29.47;29.47;29.47;29.47;29.47;29.47;14.83;14.63;14.63;14.63;14.63
"08221";99.96;99.78;99.01;98.11;97.90;97.04;85.30;85.20;83.46;73.49;64.80;50.14;99.77;99.77;94.91;93.51;88.92;71.42;49.07;47.49;42.19;26.60;54.79;54.79;54.79;54.79;54.79;54.79;54.79;54.79;54.79;54.79;54.79;38.77;18.13;18.13;18.13;18.13
"08222";100.00;100.00;99.87;99.82;99.82;99.78;98.79;98.75;96.83;90.54;82.69;82.50;99.97;99.97;98.35;98.20;98.19;98.08;96.86;96.61;89.60;54.57;42.19;42.19;42.19;42.19;42.19;42.19;42.19;42.19;42.19;42.19;42.19;41.88;63.15;63.15;63.15;63.15
"08225";100.00;100.00;100.00;100.00;100.00;99.92;98.90;98.51;91.87;56.90;36.62;23.95;100.00;100.00;100.00;100.00;100.00;99.92;98.90;98.51;90.50;46.17;26.11;26.11;26.11;26.11;26.11;26.11;26.11;26.11;26.11;26.11;26.11;12.06;13.15;13.15;13.15;13.15
"08226";99.87;99.72;99.46;99.09;99.03;98.74;95.73;94.71;85.15;63.58;49.41;34.75;99.58;99.41;99.05;98.57;98.39;97.86;93.72;91.14;77.68;46.88;39.17;39.17;39.17;39.17;39.17;39.17;39.17;39.17;39.17;39.17;39.17;23.22;14.11;14.11;13.13;13.13
"08231";99.62;99.21;98.86;98.28;98.24;97.71;96.02;95.89;92.96;88.10;86.48;76.43;99.12;98.55;94.50;91.93;91.87;91.23;88.14;87.92;83.99;73.86;65.32;65.32;65.32;65.32;65.32;65.32;65.32;65.32;65.32;65.32;65.32;36.02;54.68;54.68;54.68;54.68
"08235";99.61;99.46;99.37;97.21;97.17;97.09;88.80;87.61;77.78;66.06;46.99;28.31;98.32;98.12;97.15;94.34;94.21;92.97;82.81;81.17;66.46;49.12;45.24;45.24;45.24;45.24;45.24;45.24;45.24;45.24;45.24;45.24;45.24;26.48;2.11;2.11;2.11;2.11
"08236";99.95;99.87;99.84;99.69;99.34;99.02;94.61;93.26;86.03;73.78;52.29;28.73;99.82;99.72;99.16;98.84;98.10;97.35;90.82;88.92;76.03;51.75;44.90;44.90;44.90;44.90;44.90;44.90;44.90;44.90;44.90;44.90;44.90;20.35;8.89;8.89;8.89;8.89
"08237";99.68;99.50;99.40;98.26;97.99;97.90;91.94;89.59;81.50;61.51;54.51;37.51;98.97;98.68;98.25;94.41;93.32;90.97;80.07;77.03;60.58;28.48;46.98;46.98;46.98;46.98;46.98;46.98;46.98;46.98;46.98;46.98;46.98;29.07;9.63;9.63;9.63;9.63
"08311";100.00;100.00;100.00;100.00;99.98;99.91;99.74;99.64;94.44;82.66;56.09;42.38;100.00;100.00;99.78;99.75;99.45;98.66;98.42;97.98;92.37;74.82;39.44;39.44;39.44;39.44;39.44;39.44;39.44;39.44;39.44;39.44;39.44;23.58;20.05;20.05;20.05;20.05
"08315";99.90;99.84;99.74;99.54;99.54;99.53;96.66;96.41;88.09;64.42;43.42;35.56;99.70;99.53;99.33;98.96;98.93;98.67;95.52;94.36;82.80;52.69;23.71;23.71;23.71;23.71;23.71;23.71;23.71;23.71;23.71;23.71;23.71;15.02;21.15;21.15;21.15;21.15
"08316";100.00;100.00;99.71;99.71;99.71;99.71;98.83;98.66;92.00;66.94;27.75;18.14;100.00;100.00;99.71;99.71;99.71;99.71;98.83;98.66;91.27;61.33;18.48;18.48;18.48;18.48;18.48;18.48;18.48;18.48;18.48;18.48;18.48;8.86;9.75;9.75;9.75;9.75
"08317";99.77;99.63;99.54;99.45;99.45;99.36;97.87;96.82;90.46;69.10;47.73;33.73;99.72;99.63;99.45;99.25;99.20;99.03;97.61;96.32;87.87;60.03;39.76;39.76;39.76;39.76;39.76;39.76;39.76;39.76;39.76;39.76;39.76;23.59;17.12;17.12;17.12;17.12
"08325";100.00;99.85;99.85;99.85;99.85;99.85;99.30;99.12;94.57;65.24;55.89;32.60;99.87;99.72;99.72;99.72;99.72;99.72;98.86;98.39;89.51;34.26;52.95;52.95;52.95;52.95;52.95;52.95;52.95;52.95;52.95;52.95;52.95;29.48;3.71;3.71;3.71;3.71
"08326";99.95;99.95;99.87;99.67;99.65;99.50;98.70;98.57;95.56;88.75;81.26;60.41;99.73;99.38;97.35;96.07;95.51;94.09;85.76;84.50;70.78;41.56;54.54;54.54;54.54;54.54;54.54;54.54;54.54;54.54;54.54;54.54;54.54;26.40;42.75;42.75;42.75;42.75
"08327";99.72;99.65;99.53;98.74;98.66;97.97;93.80;93.01;90.56;80.28;76.62;55.31;95.78;94.87;92.89;90.94;89.69;85.76;77.36;75.79;66.81;38.75;67.06;67.06;67.06;67.06;67.06;67.06;67.06;67.06;67.06;67.06;67.06;43.77;16.85;16.66;16.09;16.09
"08335";99.59;99.58;98.39;98.01;97.96;97.84;94.36;91.95;84.68;72.45;59.14;43.90;98.67;98.33;95.84;94.47;94.28;92.77;86.89;84.65;71.54;40.06;33.61;33.61;33.61;33.61;33.61;33.61;33.61;33.61;33.61;33.61;33.61;16.99;33.35;33.29;32.79;29.81
"08336";99.94;99.89;99.57;98.83;98.76;98.51;93.80;92.75;86.52;80.38;73.43;59.25;99.70;99.64;97.99;96.73;96.62;96.16;82.79;80.76;68.48;50.49;47.55;47.55;47.55;47.55;47.55;47.55;47.55;47.55;47.55;47.55;47.55;26.75;44.55;44.55;44.47;44.47
"08337";99.54;98.88;98.53;92.63;92.61;92.17;82.32;81.49;73.72;59.92;47.09;27.19;98.95;98.10;96.28;87.01;86.87;86.12;72.79;71.92;64.56;43.91;37.79;37.79;37.79;37.79;37.79;37.79;37.79;37.79;37.79;37.79;37.79;14.52;12.68;12.68;12.68;12.68
"08415";99.91;99.86;99.79;99.60;99.59;99.50;98.11;97.87;92.64;82.46;64.72;39.42;99.82;99.53;99.27;98.62;98.53;98.06;95.76;95.50;87.12;63.86;57.82;57.82;57.82;57.82;57.82;57.82;57.82;57.82;57.82;57.82;57.82;32.37;8.12;8.12;8.12;8.12
"08416";99.97;99.41;99.33;99.13;99.10;98.78;96.56;95.23;91.06;79.96;67.79;46.44;99.42;99.34;98.03;97.48;97.22;96.33;93.03;90.90;82.51;57.89;65.37;65.37;65.37;65.37;65.37;65.37;65.37;65.37;65.37;65.37;65.37;43.07;8.22;8.22;8.22;8.22
"08417";99.64;98.78;98.60;98.09;97.71;96.95;87.77;86.94;78.99;70.85;54.48;33.60;99.30;98.19;97.04;96.43;95.51;93.03;80.02;78.07;62.56;45.87;52.15;52.15;52.15;52.15;52.15;52.15;52.15;52.15;52.15;52.15;52.15;31.10;4.20;4.17;3.50;3.50
"08421";99.94;99.94;99.88;99.88;99.86;99.77;92.56;92.31;87.11;76.90;71.96;52.23;99.94;99.94;99.88;99.88;99.86;99.48;84.93;82.48;75.05;50.87;55.62;55.62;55.62;55.62;55.62;55.62;55.62;55.62;55.62;55.62;53.81;32.77;31.28;31.04;30.86;30.86
"08425";99.49;99.33;99.15;97.43;97.36;97.01;89.86;85.70;70.99;56.64;48.98;29.74;98.73;98.28;96.38;93.18;92.62;90.27;74.89;70.40;52.55;28.81;41.28;41.28;41.28;41.28;41.28;41.28;41.28;41.28;41.28;41.28;41.28;21.66;14.88;12.72;9.74;9.74
"08426";99.75;99.67;99.52;99.03;98.96;98.65;86.87;85.23;67.98;55.65;45.55;34.57;98.89;97.90;97.27;96.13;95.88;94.84;78.71;77.15;56.29;36.02;38.36;38.36;38.36;38.36;38.36;38.36;38.36;38.36;38.36;38.36;38.36;26.27;11.58;11.12;11.02;11.02
"08435";99.88;99.88;99.41;98.62;98.56;97.58;94.24;93.33;88.46;79.62;74.40;28.25;98.68;98.33;96.61;95.03;94.95;94.58;89.16;86.85;75.01;52.11;52.13;52.13;52.13;52.13;52.13;52.13;52.13;52.13;52.13;52.13;52.13;23.08;34.22;34.22;33.63;7.81
"08436";99.87;99.79;99.54;98.77;98.57;98.07;89.92;87.68;69.78;62.74;53.85;33.97;99.87;99.79;98.92;97.55;97.07;95.39;82.96;79.74;56.98;42.61;47.28;47.28;47.28;47.28;47.28;47.28;47.28;47.28;47.28;47.28;47.28;27.87;12.22;12.22;12.17;8.47
"08437";99.73;99.73;99.58;99.08;98.93;98.51;88.88;84.20;65.20;51.25;41.57;25.62;98.78;98.73;98.34;97.18;96.69;95.36;80.20;75.93;46.20;26.21;31.38;31.38;31.38;31.38;31.38;31.38;31.38;31.38;31.38;31.38;31.38;17.16;11.90;11.90;11.77;9.69
"09161";99.89;99.75;99.75;99.61;99.61;99.37;94.30;93.98;91.37;79.10;72.84;72.84;99.75;99.75;99.75;99.55;99.52;99.30;89.60;88.34;79.88;58.94;61.66;61.66;61.66;61.66;61.66;61.66;61.66;61.66;61.66;61.58;61.58;61.58;29.06;29.06;29.06;29.06
"09162";99.99;99.98;99.97;99.96;99.96;99.95;98.60;98.49;97.61;95.87;89.51;83.89;99.96;99.96;99.82;99.33;99.19;98.81;85.10;84.48;80.76;75.18;84.86;84.86;84.86;84.86;84.86;84.86;84.86;84.86;84.86;84.82;84.82;75.24;53.89;48.33;47.86;43.56
"09163";100.00;100.00;100.00;99.94;99.94;99.87;99.62;99.62;99.36;99.36;98.86;98.86;100.00;100.00;100.00;99.32;99.04;98.80;89.86;89.86;87.32;75.37;98.53;98.53;98.53;98.53;98.53;98.53;98.53;98.53;98.53;98.53;98.53;98.53;1.62;1.62;1.62;1.62
"09171";100.00;100.00;99.76;99.30;99.26;99.16;95.89;94.82;91.61;71.63;63.56;60.08;98.13;97.44;96.69;95.84;95.68;93.49;88.99;86.15;76.11;46.14;46.53;46.53;46.53;46.53;46.53;46.53;46.53;46.53;46.53;44.06;43.60;40.12;24.75;23.15;23.15;23.15
"09172";99.89;99.79;99.47;99.39;99.39;99.32;97.09;96.32;91.83;82.83;78.25;70.16;99.79;99.32;97.55;97.33;95.82;91.45;85.35;84.05;73.11;44.40;68.84;68.84;68.84;68.84;68.84;68.84;68.84;68.84;68.84;68.73;68.73;44.76;44.00;43.90;43.90;43.90
"09173";99.62;99.62;99.62;99.62;99.62;99.62;98.80;98.42;93.34;78.23;63.86;63.86;99.62;99.62;99.62;99.62;99.61;99.54;98.69;98.11;85.83;61.33;55.42;55.42;55.42;55.42;55.42;55.42;55.42;55.42;55.42;55.28;55.28;55.28;13.52;13.51;12.25;12.25
"09174";99.99;99.90;99.87;99.79;99.54;99.33;96.29;96.29;87.34;67.92;45.20;45.20;99.77;99.68;99.00;98.27;97.60;97.02;86.81;86.66;78.30;48.42;21.94;21.94;21.94;21.94;21.94;21.94;21.94;21.94;21.94;21.72;21.72;21.64;30.92;27.35;27.26;27.26
"09175";100.00;100.00;99.94;99.92;99.92;99.92;99.21;98.77;92.67;77.29;50.23;47.47;99.61;99.61;98.62;98.58;98.58;98.58;92.45;91.98;87.80;66.37;31.59;31.59;31.59;31.59;31.59;31.59;31.59;31.59;31.59;30.71;30.69;27.86;21.18;20.37;20.37;20.37
"09176";99.57;98.78;97.66;95.91;95.91;95.91;85.43;84.88;78.31;63.84;52.13;39.94;99.57;98.78;97.66;95.74;95.71;95.51;80.69;79.79;71.36;49.30;35.62;35.62;35.62;35.62;35.62;35.62;35.62;35.62;35.62;35.17;35.17;20.15;23.48;22.28;22.28;22.28
"09177";100.00;100.00;100.00;100.00;99.97;99.90;94.83;94.54;91.00;70.58;35.54;33.79;100.00;100.00;100.00;100.00;99.96;99.52;93.50;92.93;87.02;61.18;35.11;35.11;35.11;35.11;35.11;35.11;35.11;35.11;35.11;32.59;24.56;22.81;12.19;11.35;11.35;11.35
"09178";99.77;99.47;99.18;98.91;98.91;98.87;95.36;95.20;89.15;74.74;56.90;56.90;99.77;99.41;99.12;98.66;98.66;98.54;90.11;89.70;80.06;59.12;47.39;47.39;47.39;47.39;47.39;47.39;47.39;47.39;47.39;47.36;47.36;47.36;19.94;19.16;19.02;19.02
"09179";99.95;99.95;99.95;99.86;99.86;99.86;99.39;99.13;88.46;79.28;69.51;69.51;99.95;99.95;99.95;98.87;98.87;98.87;98.07;98.06;87.81;71.33;66.89;66.89;66.89;66.89;66.89;66.89;66.89;66.89;66.89;66.89;66.89;66.89;6.27;6.27;6.27;6.27
"09180";99.99;99.79;99.79;99.79;99.75;99.58;98.93;98.41;97.14;84.19;68.18;53.91;99.79;99.79;99.79;99.79;99.75;99.58;98.46;97.39;90.84;69.54;52.42;52.42;52.42;52.42;52.42;52.42;52.42;52.42;52.42;52.30;52.30;30.01;25.30;24.34;24.23;24.23
"09181";99.90;99.74;99.34;99.10;99.10;98.77;93.02;89.92;69.69;58.53;36.06;36.06;99.48;99.30;97.71;97.09;97.09;96.85;88.30;85.25;56.39;38.07;34.38;34.38;34.38;34.38;34.38;34.38;34.38;34.38;34.38;34.38;17.84;17.84;22.35;21.49;20.94;20.94
"09182";99.87;99.87;99.87;99.87;99.86;99.75;99.60;99.60;95.34;85.92;75.86;75.86;99.08;99.08;96.86;96.86;96.84;96.73;95.68;95.54;88.49;63.35;63.53;63.53;63.53;63.53;63.53;63.53;63.53;63.53;63.53;63.53;63.53;63.53;16.52;16.52;16.52;16.52
"09183";100.00;100.00;100.00;100.00;99.97;99.88;98.82;98.57;92.52;61.90;41.70;33.02;100.00;100.00;99.68;99.68;99.43;98.39;96.74;96.49;88.78;52.43;36.96;36.96;36.96;36.96;36.96;36.96;36.96;36.96;36.96;36.94;32.16;22.47;14.58;14.00;14.00;14.00
"09184";99.98;99.98;99.95;99.69;99.68;98.99;95.11;94.88;92.69;87.77;71.00;70.88;99.97;99.97;99.54;99.16;99.13;97.67;91.26;90.72;87.76;74.39;49.72;49.72;49.72;49.72;49.72;49.72;49.72;49.72;49.72;49.61;49.61;49.42;27.67;27.26;27.10;27.08
"09185";99.85;99.85;99.85;99.75;99.66;99.48;80.98;76.36;60.22;45.10;37.73;37.73;99.72;99.72;99.72;98.32;98.18;98.04;69.63;66.45;51.52;30.65;25.77;25.77;25.77;25.77;25.77;25.77;25.77;25.77;25.77;25.70;25.70;25.70;15.24;12.05;12.05;12.05
"09186";100.00;100.00;99.75;99.67;99.65;99.35;95.80;94.59;89.93;70.84;59.88;59.88;100.00;100.00;99.75;99.64;99.37;99.07;92.91;91.23;83.08;57.11;43.08;43.08;43.08;43.08;43.08;43.08;43.08;43.08;43.08;43.08;43.08;43.08;25.99;22.87;22.75;22.75
"09187";99.90;99.81;99.66;99.63;99.62;99.62;98.29;97.70;91.77;73.77;63.50;61.96;97.70;96.79;95.58;94.88;94.83;94.68;90.37;89.54;83.37;51.47;53.98;53.98;53.98;53.98;53.98;53.98;53.98;53.98;53.98;53.98;51.30;49.75;17.53;17.44;17.44;17.44
"09188";100.00;100.00;99.93;99.93;99.93;99.93;99.38;99.34;97.35;79.61;57.70;57.70;100.00;100.00;99.93;99.93;99.93;99.93;99.38;99.33;95.61;73.68;45.07;45.07;45.07;45.07;45.07;45.07;45.07;45.07;45.07;45.07;45.07;45.07;20.25;20.25;20.25;20.25
"09189";99.97;99.97;99.96;99.72;99.57;99.33;97.69;97.33;93.01;74.16;61.55;57.18;99.79;99.79;99.72;99.07;98.70;96.37;90.80;90.10;81.44;50.94;56.03;56.03;56.03;56.03;56.03;56.03;53.35;53.35;53.35;53.35;53.35;48.96;11.38;10.92;10.92;10.92
"09190";100.00;100.00;99.83;99.70;99.70;99.67;96.73;96.13;89.34;76.23;60.02;59.39;99.89;99.89;99.65;99.26;99.26;99.20;95.13;92.60;79.58;59.46;53.72;53.72;53.72;53.72;53.72;53.72;53.72;53.72;53.72;53.64;48.00;47.29;20.53;20.19;20.19;20.19
"09261";100.00;100.00;100.00;100.00;100.00;100.00;98.19;98.16;94.48;81.26;64.99;64.99;100.00;100.00;100.00;100.00;100.00;100.00;96.19;95.87;90.97;70.71;61.79;61.79;61.79;61.79;61.79;61.79;61.79;61.79;61.79;61.79;61.79;61.79;7.50;7.50;7.50;7.50
"09262";100.00;100.00;100.00;100.00;100.00;100.00;100.00;100.00;99.36;98.92;98.75;98.50;97.40;96.69;95.11;94.83;94.83;94.48;92.32;91.57;85.87;72.30;75.28;75.28;75.28;75.28;75.28;75.28;75.28;75.28;75.28;75.28;75.28;75.28;92.74;92.74;92.74;92.46
"09263";99.85;99.85;99.85;99.85;99.85;99.85;99.85;99.85;97.63;92.15;62.92;38.72;99.85;99.85;99.85;99.85;99.85;99.85;99.85;99.85;94.88;86.25;53.42;53.42;53.42;53.42;53.42;53.42;53.42;53.42;53.42;52.84;52.84;28.37;13.14;13.14;13.14;13.14
"09271";99.79;99.69;99.37;99.20;99.19;99.15;95.57;88.98;81.24;67.56;59.86;59.86;99.79;99.68;99.36;99.05;98.90;98.67;79.59;79.53;77.44;55.29;39.40;39.40;39.40;39.40;39.40;39.40;39.40;39.40;39.40;39.37;39.37;39.37;26.32;26.32;24.84;24.84
"09272";99.76;99.57;98.57;98.46;98.46;98.20;97.26;94.77;85.53;54.03;42.37;42.37;99.40;99.01;97.82;97.45;97.36;96.07;94.23;90.75;79.11;42.27;30.89;30.89;30.89;30.89;30.89;30.89;30.89;30.89;30.89;30.22;30.22;30.22;14.72;13.37;13.22;13.22
"09273";99.88;99.88;99.88;99.23;99.16;98.93;98.09;97.54;95.24;76.27;60.09;53.31;99.67;99.67;99.67;99.01;98.91;98.26;97.31;96.75;93.24;66.75;45.73;45.73;45.73;45.73;45.73;45.73;45.73;45.73;45.73;44.75;38.73;31.15;24.86;24.64;24.57;24.57
"09274";99.70;99.69;99.69;99.07;99.00;98.78;94.41;91.68;80.25;69.01;51.65;51.65;96.66;95.54;95.54;91.76;91.31;89.47;80.62;78.00;61.52;49.05;35.39;35.39;35.39;35.39;35.39;35.39;35.39;35.39;35.39;35.23;35.23;35.23;24.40;20.31;20.16;20.16
"09275";100.00;100.00;99.99;99.93;99.91;99.80;98.56;97.58;91.07;60.45;33.98;32.30;99.46;99.01;98.65;96.96;96.71;96.44;91.38;90.51;84.17;48.66;21.22;21.22;21.22;21.22;21.22;21.22;21.22;21.22;21.22;20.93;17.29;16.07;19.23;18.99;18.99;17.99
"09276";100.00;100.00;100.00;99.75;99.75;99.42;96.52;95.03;90.61;67.14;57.62;57.62;99.91;99.82;99.82;99.24;99.24;99.24;92.57;92.37;88.77;59.96;44.80;44.80;44.80;44.80;44.80;44.80;44.80;44.80;44.80;44.80;44.80;44.80;32.87;31.59;31.59;31.59
"09277";99.99;99.97;99.87;99.32;99.32;99.32;95.22;94.39;85.94;62.34;42.64;40.77;99.42;99.37;97.17;96.47;96.41;95.79;91.26;90.54;79.14;46.05;51.11;51.11;51.11;51.11;51.11;51.11;51.11;51.11;51.11;51.11;34.07;32.16;27.44;16.99;16.99;16.99
"09278";99.88;99.86;99.86;99.77;99.68;99.11;94.89;92.91;88.21;54.89;25.97;21.75;99.42;99.34;99.23;99.03;98.94;98.65;93.63;92.11;88.03;53.44;12.15;12.15;12.15;12.15;12.15;12.15;12.15;12.15;12.15;11.65;11.65;7.09;16.78;15.84;15.84;15.84
"09279";99.86;99.86;99.86;99.30;99.21;98.79;95.34;92.89;85.94;60.98;46.01;46.01;99.86;99.86;99.37;98.53;97.61;92.56;87.68;83.89;75.42;45.84;32.31;32.31;32.31;32.31;32.31;32.31;32.31;32.31;32.31;32.17;32.17;32.17;15.52;15.52;15.24;15.24
"09361";100.00;100.00;100.00;100.00;99.98;99.91;98.90;97.54;87.57;84.03;79.57;79.57;100.00;100.00;100.00;100.00;99.83;99.83;98.18;97.52;86.39;77.22;66.62;66.62;66.62;66.62;66.62;66.62;66.62;66.62;66.62;66.62;66.62;66.62;48.23;48.23;48.23;48.23
"09362";100.00;100.00;99.95;99.92;99.92;99.86;98.36;98.36;96.17;91.46;89.76;89.76;100.00;100.00;99.93;99.90;99.90;99.84;89.30;85.26;80.44;61.80;84.45;84.45;84.45;84.45;84.45;84.45;84.45;84.45;84.45;84.45;84.45;84.45;32.12;32.12;32.12;32.12
"09363";100.00;100.00;100.00;100.00;100.00;100.00;100.00;100.00;99.14;92.34;74.88;74.88;99.85;99.85;99.85;99.85;99.85;99.85;99.83;99.82;98.53;89.21;72.53;72.53;72.53;72.53;72.53;72.53;72.53;72.53;72.53;72.53;72.53;72.53;4.57;4.57;4.57;4.57
"09371";99.32;99.29;99.29;99.21;99.15;98.70;97.02;96.53;90.36;62.34;56.71;47.10;97.53;95.97;95.97;95.17;95.11;94.67;88.38;86.90;81.69;44.49;37.67;37.67;37.67;37.67;37.67;37.67;37.67;37.67;37.67;37.12;37.12;27.22;28.58;24.40;21.44;21.44
"09372";99.90;99.58;99.34;98.55;98.53;98.42;90.40;79.64;63.54;47.90;19.80;18.80;99.80;99.20;98.89;96.81;96.55;95.20;82.87;69.04;56.80;37.97;22.56;22.56;22.56;22.56;22.56;22.56;22.56;22.56;22.56;22.13;13.17;12.17;6.66;6.66;6.66;6.66
"09373";99.97;99.97;99.92;99.92;99.89;99.79;99.63;96.18;88.62;71.72;61.97;59.14;99.56;99.56;99.44;99.41;99.31;98.85;96.24;87.18;77.05;42.91;22.76;22.76;22.76;22.76;22.76;22.76;22.76;22.76;22.76;22.73;22.73;11.53;60.19;58.53;58.53;58.53
"09374";100.00;100.00;100.00;100.00;100.00;100.00;98.48;98.39;96.38;68.20;59.49;54.64;100.00;100.00;100.00;100.00;99.99;99.63;97.78;97.41;93.44;52.09;45.01;45.01;45.01;45.01;45.01;45.01;45.01;45.01;45.01;43.66;42.04;37.12;21.36;20.70;20.70;20.70
"09375";100.00;100.00;99.85;99.85;99.77;99.77;98.16;97.77;90.38;66.90;51.63;41.94;99.96;99.80;99.59;99.33;99.24;99.12;93.09;92.34;83.49;50.67;37.15;37.15;37.15;37.15;37.15;37.15;37.15;37.15;37.15;36.87;36.19;22.10;25.54;24.83;24.83;24.83
"09376";99.96;99.96;99.86;99.68;99.68;99.64;93.21;86.32;79.22;54.46;35.63;29.79;99.96;99.92;99.77;97.70;97.68;97.47;86.36;79.21;72.73;47.27;22.23;22.23;22.23;22.23;22.23;22.23;22.23;22.23;22.23;22.00;19.82;13.45;19.13;16.51;16.51;16.51
"09377";100.00;100.00;100.00;98.67;98.66;98.46;97.52;97.44;94.03;75.37;57.05;48.41;100.00;100.00;100.00;98.63;97.83;96.02;89.15;88.90;83.42;59.23;58.79;58.79;58.79;58.79;58.79;58.79;58.79;58.79;58.79;47.81;42.35;33.54;23.21;16.91;16.67;16.67
"09461";100.00;100.00;99.98;99.98;99.93;99.79;96.75;95.52;87.11;83.28;75.20;75.20;100.00;100.00;99.39;99.39;98.71;97.99;75.24;74.49;57.47;43.38;50.78;50.78;50.78;50.78;50.78;50.78;50.78;50.78;50.78;50.78;50.78;50.78;49.03;48.32;46.56;46.49
"09462";100.00;100.00;100.00;100.00;100.00;100.00;99.27;98.85;97.12;89.84;83.25;83.25;100.00;100.00;100.00;100.00;100.00;100.00;93.44;92.75;78.40;64.05;71.25;71.25;71.25;71.25;71.25;71.25;71.25;71.25;71.25;71.25;71.25;71.25;28.91;28.91;28.91;28.91
"09463";100.00;100.00;100.00;100.00;100.00;100.00;99.09;98.97;96.42;89.79;76.12;76.12;100.00;100.00;100.00;99.37;99.21;97.83;91.02;89.64;80.80;69.75;67.07;67.07;67.07;67.07;67.07;67.07;67.07;67.07;67.07;67.07;67.07;67.07;29.88;26.58;26.58;26.58
"09464";100.00;100.00;100.00;99.84;99.83;99.82;97.80;97.80;95.37;94.64;89.43;89.43;100.00;100.00;100.00;99.41;98.52;92.85;87.15;87.00;82.85;70.34;75.78;75.78;75.78;75.78;75.78;75.78;75.78;75.78;75.78;75.78;75.78;75.78;19.58;19.58;19.58;19.58
"09471";99.90;99.80;99.80;99.71;99.70;99.69;96.77;95.75;89.11;61.68;41.79;41.79;99.80;99.80;99.80;99.71;99.54;99.32;94.72;94.09;83.16;46.96;15.57;15.57;15.57;15.57;15.57;15.57;15.57;15.57;15.57;15.33;15.33;15.33;29.63;28.72;28.68;28.68
"09472";100.00;100.00;99.55;99.43;99.43;99.39;97.79;97.62;90.58;64.66;44.49;43.76;99.70;99.70;99.00;98.87;98.75;98.29;95.52;94.23;84.88;53.51;40.18;40.18;40.18;40.18;40.18;40.18;40.18;40.18;40.18;32.36;30.99;30.13;17.28;16.90;16.90;16.90
"09473";100.00;99.95;99.90;98.85;98.85;98.39;97.52;97.33;84.89;64.58;50.82;50.82;99.86;99.23;96.08;94.63;94.63;94.01;88.27;87.34;65.91;40.87;52.77;52.77;52.77;52.77;52.77;52.77;52.77;52.77;52.77;35.31;35.31;35.31;25.60;21.48;21.48;21.48
"09474";100.00;100.00;100.00;100.00;99.98;99.90;98.68;97.66;90.59;67.48;49.01;34.60;100.00;99.87;99.78;99.78;99.72;99.58;97.45;95.85;84.52;48.19;37.96;37.96;37.96;37.96;37.96;37.96;37.96;37.96;37.96;37.76;37.76;19.40;22.35;22.06;22.06;21.80
"09475";99.83;99.83;99.83;99.82;99.78;99.65;96.10;88.16;77.34;62.69;54.98;54.96;97.47;95.95;95.76;95.46;95.16;94.42;86.99;72.66;61.77;43.51;39.25;39.25;39.25;39.25;39.25;39.25;39.25;39.25;39.25;39.23;38.75;38.73;27.30;19.22;19.22;19.22
"09476";99.82;99.82;99.81;99.81;99.81;99.81;99.15;95.16;85.72;67.94;47.63;30.66;99.47;98.94;98.25;97.32;97.25;96.82;92.81;83.51;75.60;47.10;52.42;52.42;52.42;52.42;52.42;52.42;52.42;52.42;52.42;46.32;38.42;20.37;21.60;18.62;11.78;11.73
"09477";99.77;99.77;99.77;99.77;99.77;99.77;99.52;99.41;97.46;83.32;61.36;57.38;99.77;99.77;99.77;99.77;99.77;99.77;98.90;98.72;91.05;68.27;59.79;59.79;59.79;59.79;59.79;59.79;59.79;59.79;59.79;58.51;41.91;36.51;25.66;25.03;25.03;25.03
"09478";100.00;100.00;100.00;99.98;99.98;99.98;99.79;99.67;94.86;75.36;62.52;47.95;99.15;99.15;97.84;97.34;97.25;96.75;95.91;95.79;87.40;55.20;56.30;56.30;56.30;56.30;56.30;56.30;56.30;56.30;56.30;56.22;56.15;36.57;21.34;20.04;20.04;19.89
"09479";100.00;100.00;99.93;98.28;98.28;98.23;97.15;94.78;90.17;72.34;54.60;38.89;100.00;100.00;99.59;97.51;97.46;96.76;94.66;92.69;84.08;54.52;57.00;57.00;57.00;57.00;57.00;57.00;57.00;57.00;57.00;56.91;48.12;31.03;9.94;9.43;9.01;9.01
"09561";100.00;100.00;100.00;100.00;100.00;100.00;99.84;99.60;97.19;95.62;81.56;81.56;100.00;100.00;100.00;100.00;100.00;100.00;98.70;98.46;94.81;85.90;73.70;73.70;73.70;73.70;73.70;73.70;73.70;73.70;73.70;73.70;73.70;73.70;11.14;11.14;11.14;11.14
"09562";100.00;100.00;100.00;99.98;99.98;99.91;98.04;97.76;91.37;85.23;73.48;73.48;100.00;100.00;99.91;99.91;99.91;99.91;94.46;94.27;86.05;66.37;70.47;70.47;70.47;70.47;70.47;70.47;70.47;70.47;70.47;70.47;70.47;70.47;13.80;13.17;13.17;11.32
"09563";100.00;100.00;100.00;99.96;99.96;99.96;99.45;99.16;95.39;87.85;51.37;50.31;100.00;100.00;100.00;99.96;99.96;99.96;95.73;95.44;91.61;80.53;41.73;41.73;41.73;41.73;41.73;41.73;41.73;41.73;41.73;41.73;41.73;41.73;21.11;18.71;14.91;13.84
"09564";100.00;100.00;99.81;99.75;99.75;99.69;97.12;96.96;96.08;90.75;70.37;70.37;100.00;100.00;99.72;99.69;99.69;99.63;96.14;95.73;94.09;84.55;61.54;61.54;61.54;61.54;61.54;61.54;61.54;61.54;61.54;61.54;61.54;61.54;19.80;19.49;19.49;19.49
"09565";99.78;99.78;99.78;99.78;99.78;99.78;99.24;99.02;95.37;86.02;33.50;33.50;99.78;99.78;99.78;99.78;99.78;99.78;98.55;98.33;93.54;79.83;34.32;34.32;34.32;34.32;34.32;34.32;34.32;34.32;34.32;31.72;31.72;31.72;3.73;3.73;3.73;3.73
"09571";99.22;99.22;99.15;99.14;99.14;99.09;94.30;93.76;86.29;63.74;51.52;43.35;98.57;98.53;98.25;97.89;97.69;96.43;89.64;87.99;79.84;49.50;44.04;44.04;44.04;44.04;44.04;44.04;44.04;44.04;44.04;43.84;42.07;33.71;12.90;11.20;11.20;11.20
"09572";100.00;100.00;100.00;100.00;99.99;99.94;97.32;96.55;87.99;64.66;33.46;29.55;100.00;100.00;100.00;100.00;99.75;99.11;93.27;92.21;82.02;51.88;30.86;30.86;30.86;30.86;30.86;30.86;30.86;30.86;30.86;30.86;22.29;18.38;11.93;11.93;11.93;11.93
"09573";100.00;100.00;100.00;100.00;100.00;100.00;99.27;99.22;96.46;82.00;42.93;42.33;100.00;100.00;100.00;100.00;100.00;100.00;97.96;97.82;94.00;74.20;31.53;31.53;31.53;31.53;31.53;31.53;31.53;31.53;31.53;31.47;31.47;31.47;15.11;15.11;14.99;13.83
"09574";99.90;99.90;99.81;99.81;99.79;99.73;96.73;95.28;86.61;69.37;40.85;34.08;99.78;99.78;99.63;99.58;99.41;99.36;88.61;87.11;81.40;52.45;35.52;35.52;35.52;35.52;35.52;35.52;35.52;35.52;35.52;35.40;23.39;16.22;19.64;19.28;18.82;18.82
"09575";100.00;100.00;100.00;99.96;99.96;99.76;99.50;99.23;95.09;75.75;54.58;54.58;99.61;99.30;99.28;98.97;98.37;94.09;88.56;86.79;79.90;50.01;47.61;47.61;47.61;47.61;47.61;47.61;47.61;47.61;47.61;47.58;42.07;42.07;21.41;16.08;14.02;14.02
"09576";99.85;99.85;99.84;99.81;99.61;99.32;96.68;95.62;87.40;66.55;43.73;42.70;99.71;99.71;99.56;99.49;98.86;97.75;86.16;84.75;72.92;46.88;27.48;27.48;27.48;27.48;27.48;27.48;27.48;27.48;27.48;27.17;18.63;16.22;31.62;30.96;30.96;30.96
"09577";100.00;99.86;99.86;99.67;99.65;99.58;94.93;94.23;90.46;65.61;49.01;38.23;99.98;99.74;99.65;99.28;99.14;98.21;90.77;89.50;83.66;50.02;59.97;59.97;59.97;59.97;59.97;59.97;59.97;59.97;59.97;48.35;41.07;30.13;10.88;10.13;10.13;10.13
"09661";100.00;100.00;100.00;100.00;100.00;100.00;98.57;98.57;96.10;85.68;65.10;65.10;100.00;100.00;100.00;100.00;100.00;100.00;98.57;98.57;95.94;82.65;47.43;47.43;47.43;47.43;47.43;47.43;47.43;47.43;47.43;46.85;46.85;46.85;55.59;55.59;55.59;55.59
"09662";100.00;100.00;100.00;100.00;100.00;100.00;99.93;99.93;97.05;91.18;84.29;70.26;100.00;100.00;100.00;100.00;100.00;100.00;99.92;99.92;96.72;83.58;51.04;51.04;51.04;51.04;51.04;51.04;51.04;51.04;51.04;51.04;51.04;32.77;46.12;46.12;46.12;46.12
"09663";99.93;99.93;99.93;99.93;99.93;99.93;99.32;98.96;95.11;89.02;60.17;51.62;99.93;99.93;99.93;99.93;99.93;99.93;99.06;93.85;67.78;55.06;60.02;60.02;60.02;60.02;60.02;60.02;60.02;60.02;60.02;59.96;38.71;28.93;29.18;29.06;29.06;29.06
"09671";100.00;100.00;100.00;100.00;100.00;99.98;99.60;99.37;95.09;73.31;45.44;43.74;100.00;99.99;99.99;99.99;99.99;99.98;99.15;98.92;92.12;62.73;19.21;19.21;19.21;19.21;19.21;19.21;19.21;19.21;19.21;17.86;17.86;15.91;29.14;29.01;29.01;29.01
"09672";99.56;99.56;99.56;99.13;99.13;99.00;96.08;95.68;91.28;63.64;55.07;50.72;98.18;97.88;97.88;96.75;96.72;96.01;90.06;87.56;79.88;35.91;49.62;49.62;49.62;49.62;49.62;49.62;49.62;49.62;49.62;49.62;47.57;43.20;12.35;10.11;10.11;10.11
"09673";99.86;99.86;99.86;99.61;99.61;98.82;98.81;98.52;92.86;61.27;51.32;50.89;99.86;99.86;99.86;99.61;99.61;98.81;98.22;96.38;85.18;44.33;34.98;34.98;34.98;34.98;34.98;34.98;34.98;34.98;34.98;34.95;34.95;34.45;20.23;19.43;19.43;19.43
"09674";99.90;99.90;99.89;99.89;99.89;99.89;98.12;95.59;86.10;70.10;51.64;38.67;99.84;99.84;99.71;99.71;99.71;99.61;97.31;94.32;82.16;60.56;34.46;34.46;34.46;34.46;34.46;34.46;34.46;34.46;34.46;34.46;34.46;19.05;26.60;25.45;25.45;25.45
"09675";99.92;99.92;99.92;99.30;99.30;99.30;98.65;98.34;91.61;62.40;37.61;23.44;99.55;99.55;99.55;98.93;98.93;98.91;97.67;97.29;87.87;51.24;25.01;25.01;25.01;25.01;25.01;25.01;25.01;25.01;25.01;24.69;24.69;9.82;14.53;14.37;14.37;14.37
"09676";99.93;99.90;99.79;99.79;99.79;99.78;99.62;98.93;93.63;84.84;55.41;49.59;99.89;99.86;94.64;94.12;93.79;92.32;86.63;86.02;79.84;64.32;54.59;54.59;54.59;54.59;54.59;54.59;54.59;54.23;54.23;54.02;42.39;34.88;20.05;17.32;17.32;17.32
"09677";99.79;99.79;99.79;99.79;99.75;99.60;98.17;97.28;87.45;56.91;38.20;37.84;99.65;99.59;99.49;99.49;99.45;99.28;97.10;96.27;84.27;41.84;36.59;36.59;36.59;36.59;36.59;36.59;36.59;36.59;36.59;36.53;33.27;32.90;7.04;6.29;6.29;6.29
"09678";99.60;99.60;99.56;99.56;99.56;99.56;99.07;98.80;95.25;78.85;64.65;49.22;99.60;99.59;99.01;99.01;99.01;98.95;97.20;96.83;91.79;62.36;42.87;42.87;42.87;42.87;42.87;42.87;42.87;42.87;42.87;42.78;42.65;23.36;32.38;30.32;30.32;30.32
"09679";99.83;99.70;99.62;99.62;99.62;99.61;96.25;94.82;89.36;62.79;36.23;30.29;99.76;99.63;99.47;99.47;99.47;99.46;94.22;91.59;84.14;50.59;33.82;33.82;33.82;33.82;33.82;33.82;33.82;33.82;33.82;33.82;26.55;20.42;15.18;10.52;10.52;10.52
"09761";99.90;99.90;99.90;99.88;99.88;99.83;97.49;95.80;78.75;66.38;50.85;50.85;99.90;99.90;99.90;99.73;99.70;99.31;95.13;93.34;75.11;57.98;45.27;45.27;45.27;45.27;45.27;45.27;45.27;45.27;45.27;44.53;44.53;44.53;12.38;12.22;12.22;12.06
"09762";100.00;100.00;100.00;100.00;100.00;100.00;100.00;99.79;95.25;86.40;81.42;81.42;100.00;100.00;100.00;100.00;100.00;100.00;100.00;99.79;92.60;78.60;67.18;67.18;67.18;67.18;67.18;67.18;67.18;67.18;67.18;67.18;67.18;67.18;26.81;26.81;26.81;26.81
"09763";100.00;100.00;100.00;99.99;99.99;99.97;96.64;95.54;79.29;73.08;71.15;70.76;100.00;100.00;100.00;99.86;99.86;99.81;94.84;94.26;62.01;48.83;57.16;57.16;57.16;57.16;57.16;57.16;57.16;57.16;57.16;57.16;57.16;57.16;49.56;48.82;48.82;48.02
"09764";100.00;100.00;100.00;100.00;100.00;100.00;99.45;99.23;97.23;96.04;88.16;88.16;100.00;100.00;100.00;100.00;100.00;100.00;99.45;98.47;93.61;84.38;59.71;59.71;59.71;59.71;59.71;59.71;59.71;59.71;59.71;59.71;59.71;59.71;38.60;37.42;37.42;37.42
"09771";99.91;99.79;99.64;99.38;99.38;99.35;95.99;93.94;79.90;67.18;42.76;39.51;99.75;99.43;98.43;98.15;98.15;98.13;89.48;87.05;70.11;51.96;34.26;34.26;34.26;34.26;34.26;34.26;34.26;34.26;34.26;34.12;27.35;23.85;23.50;18.43;18.32;18.32
"09772";99.85;99.85;99.76;99.62;99.52;99.36;94.52;88.15;70.03;61.76;44.79;44.79;98.86;98.84;98.60;98.42;98.17;97.57;89.73;78.63;60.76;48.89;27.00;27.00;27.00;27.00;27.00;27.00;27.00;27.00;27.00;26.97;26.97;26.97;21.00;20.74;20.08;20.08
"09773";99.85;99.85;99.48;99.39;99.39;99.16;94.66;93.04;71.26;60.46;44.01;42.86;98.38;98.38;97.79;97.72;97.63;97.46;84.31;82.40;51.31;34.39;36.38;36.38;36.38;36.38;36.38;36.38;36.38;36.38;36.38;36.37;21.74;20.31;31.11;26.11;25.07;25.07
"09774";99.92;99.74;98.70;98.29;98.23;97.83;92.87;91.75;76.62;59.31;42.73;33.47;99.75;99.31;97.21;97.10;96.65;95.73;85.61;80.07;62.04;41.48;29.09;29.09;29.09;29.09;29.09;29.09;29.09;29.09;29.09;27.92;22.32;11.59;24.60;23.34;23.28;23.28
"09775";100.00;100.00;99.97;99.97;99.87;99.67;93.88;93.16;83.34;67.36;56.62;56.62;100.00;99.94;99.85;99.78;99.30;98.89;76.19;74.84;60.38;35.14;47.99;47.99;47.99;47.99;47.99;47.99;47.99;47.99;47.99;47.93;46.86;46.86;18.42;15.93;14.84;14.84
"09776";100.00;100.00;99.44;99.44;99.44;99.44;97.04;96.32;87.60;73.27;53.26;52.82;100.00;100.00;99.33;98.11;97.84;95.33;86.70;85.10;74.20;53.44;44.46;44.46;44.46;44.46;44.46;44.46;44.46;44.46;44.46;44.46;44.46;44.46;11.51;10.09;10.09;9.64
"09777";100.00;100.00;99.99;99.99;99.99;99.99;97.75;96.89;90.80;75.52;63.64;60.05;100.00;100.00;99.81;99.65;99.65;99.62;94.56;91.19;79.51;57.35;41.77;41.77;41.77;41.77;41.77;41.77;41.77;41.77;41.77;41.77;41.77;38.05;26.10;24.63;23.74;23.74
"09778";99.82;99.56;99.46;98.85;98.85;98.85;95.61;91.75;69.14;57.37;51.68;51.68;99.65;99.33;99.07;98.33;98.25;97.79;92.55;83.70;61.20;40.88;17.58;17.58;17.58;17.58;17.58;17.58;17.58;17.58;17.58;17.41;17.41;17.41;36.06;35.80;35.80;35.80
"09779";99.70;99.70;99.44;99.27;99.10;98.84;90.97;85.15;75.21;64.90;58.98;58.98;99.54;99.54;99.22;98.23;97.88;96.91;76.42;70.60;60.35;42.45;43.16;43.16;43.16;43.16;43.16;43.16;43.16;43.16;43.16;43.13;43.13;43.13;25.94;22.64;22.64;22.64
"09780";99.90;99.90;99.74;98.63;98.63;98.55;97.34;97.01;90.68;79.49;75.59;74.86;99.32;99.32;98.82;97.26;97.26;97.15;94.15;93.50;82.91;59.09;63.66;63.66;63.66;63.66;63.66;63.66;63.66;63.66;63.66;62.47;62.47;61.74;31.73;31.17;31.15;31.15
"10041";99.99;99.97;99.83;99.76;99.69;99.49;98.07;97.62;93.95;70.73;60.69;55.76;99.94;99.84;99.15;99.02;98.85;98.13;96.28;95.76;89.33;54.60;57.40;57.40;57.40;57.40;57.40;57.40;57.40;57.40;57.40;57.40;57.00;51.85;8.76;8.76;8.60;8.60
"10042";99.86;99.86;99.83;99.77;99.77;99.77;97.67;94.69;80.04;59.18;43.61;31.41;99.86;99.86;97.93;97.58;97.58;97.46;93.25;88.41;71.06;42.93;38.59;38.59;38.59;38.59;38.59;38.59;38.59;38.59;38.59;38.45;38.45;26.25;6.35;6.35;6.21;6.21
"10043";99.54;99.54;99.14;98.61;98.61;98.11;96.76;92.22;86.73;76.78;72.87;68.31;99.48;99.48;97.89;97.45;97.39;96.52;94.24;88.74;75.81;55.28;60.87;60.87;60.87;60.87;60.87;60.87;60.87;60.87;60.87;60.87;60.87;56.31;19.72;19.72;19.69;19.69
"10044";99.75;99.51;98.98;98.68;98.68;98.55;96.00;92.43;84.65;68.99;59.53;57.98;99.12;98.97;96.73;96.12;96.04;95.80;90.63;87.76;76.56;48.01;53.60;53.60;53.60;53.60;53.60;53.60;53.60;53.60;53.60;53.60;53.60;52.04;10.68;10.68;10.04;10.04
"10045";99.66;99.66;99.66;99.63;99.48;99.01;96.76;95.55;89.17;78.32;73.89;73.77;99.66;99.66;99.66;99.63;99.38;98.44;94.76;91.97;79.86;50.28;61.97;61.97;61.97;61.97;61.97;61.97;61.97;61.97;61.97;61.56;61.35;61.19;16.71;16.71;16.32;16.32
"10046";99.82;99.36;98.62;98.27;98.24;98.15;92.70;85.77;68.79;49.36;34.88;29.23;97.66;95.44;94.26;93.91;93.81;92.48;85.74;75.36;56.69;33.15;29.52;29.52;29.52;29.52;29.52;29.52;29.52;29.52;29.52;29.52;25.18;19.53;11.09;11.09;11.00;11.00
"11000";99.96;99.91;99.84;99.72;99.70;99.59;97.72;97.47;95.15;90.54;82.17;76.25;99.86;99.85;99.48;99.26;99.13;98.40;95.28;94.06;88.06;69.27;79.13;79.13;79.13;79.13;79.13;79.13;79.13;79.13;79.13;79.11;76.90;70.69;18.44;18.44;18.44;18.44
"12051";99.71;99.67;97.81;97.72;97.52;96.86;93.10;92.17;77.38;59.05;4.04;4.04;99.67;99.67;97.81;97.72;97.52;96.86;87.39;86.46;77.38;59.05;0.17;0.17;0.17;0.17;0.17;0.17;0.17;0.17;0.17;0.00;0.00;0.00;4.04;4.04;4.04;4.04
"12052";99.78;99.60;99.56;99.16;99.16;98.69;97.92;97.84;96.73;94.47;92.95;82.97;99.24;99.14;94.99;94.04;93.99;93.81;91.07;90.44;82.24;65.95;72.02;72.02;72.02;72.02;72.02;72.02;72.02;72.02;72.02;72.02;72.02;41.95;61.71;61.71;61.71;61.71
"12053";99.96;99.96;98.93;97.83;97.83;97.49;94.60;94.43;90.92;83.42;37.83;23.63;99.96;99.96;95.86;95.25;95.23;94.97;90.18;88.17;76.88;58.61;58.02;58.02;58.02;58.02;58.02;58.02;58.02;58.02;58.02;58.02;31.47;17.26;7.46;7.46;7.46;7.46
"12054";99.79;99.79;98.92;98.90;98.86;98.68;97.76;97.61;96.24;90.29;77.68;59.31;98.93;98.93;98.84;98.58;98.37;98.12;96.58;96.42;94.88;76.17;59.23;59.23;59.23;59.23;59.23;59.23;59.23;59.23;59.23;59.23;59.23;39.23;27.20;27.20;27.20;24.74
"12060";99.26;99.15;98.84;98.59;98.59;98.32;94.27;92.85;81.29;60.96;42.44;27.59;99.08;98.90;97.76;96.33;96.00;93.40;87.08;85.00;68.90;38.84;28.89;28.89;28.89;28.89;28.89;28.89;28.89;28.89;28.89;28.76;26.97;11.42;22.68;22.62;22.27;19.67
"12061";98.89;98.89;98.63;98.49;98.49;98.43;94.09;92.34;74.49;56.40;37.67;33.25;98.69;98.69;98.38;98.25;98.23;98.10;85.35;80.25;72.81;50.97;15.58;15.58;15.58;15.58;15.58;15.58;15.58;15.58;15.58;15.43;10.75;4.03;29.69;29.69;29.69;29.55
"12062";99.50;99.50;99.18;99.14;99.07;98.66;95.55;94.71;85.43;68.48;46.28;35.53;99.23;99.23;98.58;98.41;98.31;97.86;92.00;89.76;75.87;46.52;4.39;4.39;4.39;4.39;4.39;4.39;4.39;4.39;4.39;3.17;3.17;0.00;46.28;46.28;46.28;35.53
"12063";98.90;98.80;98.37;98.20;98.20;98.07;94.84;93.90;83.87;66.27;44.42;25.11;93.63;93.53;92.77;92.64;92.64;92.59;88.68;87.60;75.87;50.96;47.83;47.83;47.83;47.83;47.83;47.83;47.83;47.83;47.83;47.07;40.22;20.64;5.66;5.66;5.66;5.66
"12064";98.77;97.50;95.80;94.35;94.31;94.01;87.84;87.00;74.34;44.87;19.05;11.68;98.65;97.38;95.33;93.56;93.51;93.22;84.83;83.92;72.19;38.55;9.78;9.78;9.78;9.78;9.78;9.78;9.78;9.78;9.78;9.20;9.20;1.83;10.65;10.58;10.58;9.85
"12065";99.85;99.85;99.77;99.68;99.67;99.56;95.40;95.00;89.86;65.64;42.86;26.06;99.85;99.85;99.77;99.68;99.67;99.56;95.28;94.75;88.66;59.69;31.26;31.26;31.26;31.26;31.26;31.26;31.26;31.26;31.26;31.19;30.34;10.17;17.24;17.24;17.18;17.18
"12066";98.32;98.19;98.14;97.65;97.65;96.63;93.18;92.72;87.16;73.37;47.03;44.12;96.19;96.07;95.83;94.50;94.50;93.21;85.77;85.22;76.34;47.48;31.38;31.38;31.38;31.38;31.38;31.38;31.38;31.38;31.38;30.58;17.50;14.85;29.99;29.99;29.99;29.51
"12067";98.97;98.90;98.84;97.96;97.81;97.48;91.96;89.17;76.73;45.77;20.03;12.64;98.97;98.90;98.82;97.71;97.56;97.14;91.34;88.40;75.44;41.20;15.34;15.34;15.34;15.34;15.34;15.34;15.34;15.34;15.34;13.73;13.35;5.46;7.66;7.66;7.66;7.62
"12068";99.61;99.61;99.61;99.15;99.10;98.63;94.13;93.79;85.84;60.03;33.86;25.87;99.61;99.61;99.61;99.15;99.10;98.63;94.09;93.44;84.51;49.40;21.20;21.20;21.20;21.20;21.20;21.20;21.20;21.20;21.20;20.85;18.05;10.06;15.84;15.84;15.84;15.84
"12069";99.29;99.29;99.19;98.98;98.98;98.91;95.04;94.20;84.69;59.54;23.00;15.43;99.29;99.29;98.74;98.47;98.46;98.40;94.30;93.45;84.46;52.62;25.44;25.44;25.44;25.44;25.44;25.44;25.44;25.44;25.44;25.44;19.51;10.84;5.13;5.13;5.13;5.13
"12070";99.13;99.13;99.13;99.13;99.13;99.13;90.99;90.19;74.93;29.62;12.46;12.40;98.78;98.78;98.78;98.78;98.78;98.78;90.49;89.55;74.29;28.01;14.77;14.77;14.77;14.77;14.77;14.77;14.77;14.77;14.77;14.13;6.55;6.49;6.11;6.11;6.11;6.11
"12071";98.86;98.26;97.40;96.43;96.40;96.02;90.67;89.93;82.58;57.75;29.41;25.21;98.79;98.14;97.27;95.80;95.77;95.40;89.41;88.19;79.52;48.21;19.06;19.06;19.06;19.06;19.06;19.06;19.06;19.06;19.06;14.65;14.09;9.46;15.75;15.75;15.75;15.75
"12072";99.00;98.66;98.50;98.39;98.37;98.27;95.55;94.09;77.05;51.95;25.24;19.71;97.83;95.97;95.13;94.94;94.92;94.87;89.99;88.52;75.98;47.69;11.03;11.03;11.03;11.03;11.03;11.03;11.03;11.03;11.03;10.91;8.65;2.82;16.92;16.92;16.92;16.92
"12073";98.56;98.47;98.06;97.85;97.76;97.43;83.23;81.57;64.67;42.00;17.93;13.94;98.48;97.84;97.25;95.88;94.96;94.49;74.69;73.03;64.43;39.86;7.86;7.86;7.86;7.86;7.86;7.86;7.86;7.86;7.86;7.61;7.17;1.50;12.60;12.60;12.60;12.60
"13003";99.87;99.87;99.87;99.85;99.83;99.49;98.00;97.45;92.78;69.55;36.03;22.45;99.87;99.87;99.87;99.80;99.70;99.21;97.65;97.10;91.85;62.51;30.94;30.94;30.94;30.94;30.94;30.94;30.94;30.94;30.94;30.94;30.94;16.16;6.83;6.83;6.83;6.83
"13004";100.00;100.00;100.00;100.00;100.00;100.00;99.70;99.54;97.95;86.83;63.78;63.78;100.00;100.00;100.00;100.00;99.97;99.84;97.07;95.73;92.79;71.75;47.94;47.94;47.94;47.94;47.94;47.94;47.94;47.94;47.94;47.92;47.92;47.92;30.52;30.52;30.52;30.52
"13071";99.04;98.43;97.91;95.01;94.92;94.39;81.09;80.21;72.25;53.47;20.54;18.82;98.76;98.17;97.53;93.35;93.06;91.62;73.54;72.59;63.09;40.19;33.81;33.81;33.81;33.81;33.81;33.81;33.75;33.75;33.75;15.87;8.95;7.22;13.23;13.23;11.60;11.60
"13072";97.54;96.97;95.25;90.18;89.91;88.98;64.95;63.84;57.88;42.28;28.99;22.84;97.24;96.70;94.87;89.73;89.42;88.28;60.14;59.00;53.49;36.20;11.13;11.13;11.13;11.13;11.13;11.13;11.13;11.13;11.13;11.13;9.64;3.33;19.79;19.79;19.79;19.79
"13073";98.65;98.48;98.35;97.85;97.78;97.51;91.60;91.08;80.26;73.05;51.12;44.04;97.45;97.21;97.05;96.09;95.72;94.27;74.99;74.11;67.37;54.71;31.89;31.89;31.89;31.89;31.89;31.89;31.89;31.89;31.89;31.89;19.66;11.39;34.41;34.41;34.41;34.41
"13074";98.88;98.71;97.68;94.20;93.80;93.04;77.72;77.48;68.50;49.62;32.54;22.07;98.88;98.71;97.68;94.05;93.61;92.49;76.18;75.94;66.29;43.21;23.71;23.71;23.71;23.71;23.71;23.71;23.71;23.71;23.71;23.68;22.24;11.45;11.95;11.95;11.95;11.95
"13075";98.10;97.90;97.14;93.75;93.57;92.93;78.32;77.27;61.87;49.63;24.77;24.77;98.05;97.85;96.93;93.08;92.76;91.24;69.17;67.93;56.07;40.08;28.64;28.64;28.64;28.64;28.64;28.64;28.64;28.64;28.64;28.61;20.65;20.65;6.97;6.97;6.97;6.97
"13076";98.53;97.59;97.30;94.31;94.24;93.67;83.37;82.73;73.12;52.33;36.38;28.16;97.79;96.16;95.40;90.41;90.23;89.10;76.57;75.72;65.13;36.82;20.39;20.39;20.39;20.39;20.39;20.39;20.39;20.39;20.39;20.39;20.39;12.05;16.63;16.63;16.63;16.63
"14511";99.99;99.84;99.41;99.24;99.24;99.09;97.37;97.28;96.83;95.83;91.65;91.33;99.61;98.93;96.36;95.53;95.35;94.25;80.35;79.71;75.63;56.03;48.73;48.73;48.73;48.73;48.73;48.73;48.73;48.73;48.73;48.55;48.55;40.70;75.62;75.62;75.58;75.58
"14521";99.64;99.45;98.82;97.53;97.44;97.09;93.93;93.02;86.19;71.79;43.01;42.92;99.58;99.34;97.26;93.86;93.66;93.14;81.15;80.02;70.67;44.65;19.87;19.87;19.87;19.87;19.87;19.87;19.87;19.48;15.09;12.00;6.94;6.85;37.76;37.76;37.76;37.76
"14522";98.79;98.55;98.20;97.20;97.13;96.67;90.11;89.25;83.28;68.97;45.08;43.69;98.27;97.80;97.08;95.43;95.32;94.80;84.63;83.25;73.27;42.47;23.42;23.42;23.42;23.42;23.42;23.42;23.42;23.42;23.38;12.32;5.21;2.59;41.60;41.60;41.60;41.60
"14523";99.66;99.65;98.62;98.27;98.21;97.76;87.44;87.02;79.95;69.29;63.46;54.71;99.50;99.34;97.93;97.27;97.21;96.79;81.23;80.36;70.30;43.58;20.18;20.18;20.18;20.18;20.18;20.18;20.18;20.18;20.18;19.69;19.23;8.83;47.99;47.99;47.99;47.25
"14524";99.68;99.24;98.70;96.08;95.96;95.73;88.78;88.49;83.44;68.43;46.91;42.33;99.55;99.11;98.40;94.81;94.68;94.48;85.22;84.81;77.63;48.28;14.81;14.81;14.81;14.81;14.81;14.81;14.81;14.81;14.81;14.81;13.53;4.35;38.53;38.53;38.53;38.53
"14612";99.94;99.92;99.80;99.71;99.69;99.63;98.67;98.50;96.49;93.80;84.54;84.19;99.71;99.71;99.13;98.07;97.95;97.53;91.90;91.23;85.69;72.97;62.18;62.18;62.18;62.18;62.18;62.18;62.18;62.18;62.18;62.18;62.18;61.72;54.28;54.28;54.28;54.25
"14625";99.92;99.88;99.43;99.12;99.07;98.65;93.55;93.06;86.69;62.57;46.72;45.96;99.92;99.88;99.40;98.76;98.71;98.54;91.87;91.38;85.13;54.71;25.40;25.40;25.40;25.40;25.40;25.40;25.37;25.37;25.34;23.87;18.26;16.23;30.50;30.50;30.50;30.50
"14626";98.96;98.50;98.11;96.58;96.45;96.33;85.73;84.87;78.95;55.41;37.07;31.50;98.96;98.50;96.98;95.42;94.74;92.33;79.74;79.19;71.21;42.44;30.66;30.66;30.66;30.66;30.66;30.66;30.66;30.66;30.66;30.66;28.98;23.19;11.78;11.78;11.78;11.72
"14627";97.72;96.72;96.50;93.17;93.08;92.69;86.51;85.93;77.57;50.07;31.04;29.51;97.67;96.66;95.97;92.21;92.06;91.37;84.17;83.30;73.90;40.57;25.90;25.90;25.90;25.90;25.90;25.90;25.90;25.90;25.90;25.86;22.82;20.58;10.06;10.06;10.06;10.06
"14628";99.51;99.38;98.96;97.71;97.40;96.62;89.92;89.27;75.66;56.64;40.31;39.20;99.24;98.99;98.56;97.20;96.89;95.97;88.92;88.31;69.12;41.42;27.34;27.34;27.34;27.34;27.34;27.34;27.34;27.34;27.34;26.56;26.51;22.22;17.52;17.52;17.52;17.52
"14713";99.99;99.98;99.94;99.81;99.75;99.42;96.76;96.24;93.20;86.40;68.93;68.29;99.61;99.37;97.00;96.49;96.22;95.80;92.52;91.82;85.49;71.68;48.15;48.15;48.15;48.15;48.15;48.15;48.15;48.15;48.15;48.11;48.11;47.47;25.71;25.69;25.69;25.58
"14729";97.38;97.04;96.67;94.91;94.82;94.62;91.05;90.15;83.55;71.49;56.99;56.26;96.31;95.28;94.52;91.98;91.72;91.51;82.03;81.05;71.40;42.90;13.73;13.73;13.73;13.73;13.73;13.73;13.73;13.73;13.73;13.73;13.73;11.56;48.80;48.80;48.80;48.80
"14730";98.74;98.39;98.34;98.13;98.12;97.95;94.14;93.42;90.93;77.21;65.20;63.17;98.65;98.25;98.19;97.94;97.93;97.75;90.03;89.16;84.98;54.99;13.40;13.40;13.40;13.40;13.40;13.40;13.40;13.40;13.40;13.40;12.04;9.49;55.63;55.63;55.63;55.63
"15001";100.00;99.76;99.19;98.78;98.78;98.77;98.06;98.06;93.46;89.37;82.52;78.46;100.00;99.63;98.15;97.73;97.66;97.65;93.54;92.19;77.04;46.55;46.11;46.11;46.11;46.11;46.11;46.11;46.11;46.11;46.11;46.11;29.89;20.70;66.97;66.97;66.97;66.97
"15002";99.83;99.80;99.40;99.14;99.08;98.93;95.48;95.44;92.87;85.73;68.97;63.78;99.83;99.50;98.46;97.83;97.54;96.98;81.95;81.87;77.60;58.90;14.72;14.72;14.72;14.72;14.72;14.72;14.72;14.72;14.72;14.72;14.33;0.00;63.78;63.78;63.78;63.78
"15003";99.92;99.92;99.83;99.61;99.58;98.84;98.15;97.44;94.99;77.32;50.27;46.10;99.92;99.87;99.73;99.17;99.15;98.49;97.58;96.85;94.11;71.92;32.23;32.23;32.23;32.23;32.23;32.23;32.23;32.23;32.23;32.23;20.87;15.47;31.93;31.93;31.93;31.93
"15081";96.87;96.33;96.24;94.86;94.69;94.37;88.23;86.96;73.95;45.63;13.50;12.63;96.45;96.33;96.24;94.86;94.69;94.34;88.18;86.92;73.60;41.84;23.35;23.35;23.35;23.35;23.35;23.35;23.35;23.35;23.35;23.35;7.11;6.23;6.40;6.40;6.40;6.40
"15082";98.62;97.92;97.46;96.20;96.10;95.26;93.20;92.48;86.23;69.00;60.73;58.26;98.08;97.32;96.70;94.57;94.47;93.10;88.24;87.52;81.28;51.87;5.24;5.24;5.24;5.24;5.24;5.24;5.24;5.24;5.24;5.24;5.06;1.21;57.11;57.11;57.11;57.11
"15083";98.98;98.90;98.58;97.96;97.83;97.49;91.65;90.60;83.06;61.79;40.27;39.05;98.74;98.67;98.35;97.33;97.20;96.78;89.30;88.03;79.53;54.25;8.07;8.07;8.07;8.07;8.07;8.07;8.07;8.07;8.07;8.07;3.97;2.52;36.72;36.72;36.72;36.68
"15084";99.14;98.93;98.77;98.77;98.67;98.45;95.40;94.73;92.21;80.29;61.03;54.63;98.93;98.71;98.56;98.56;98.34;97.68;92.54;91.47;86.10;68.48;18.98;18.98;18.98;18.98;18.98;18.98;18.98;18.98;18.98;18.98;18.98;6.51;51.05;51.05;51.05;51.05
"15085";99.82;99.78;99.51;98.74;98.63;97.89;92.26;91.76;86.46;74.08;48.99;45.94;99.82;99.78;99.34;98.40;98.13;97.28;89.62;88.96;81.54;60.72;31.39;31.39;31.39;31.39;31.39;31.39;31.39;31.39;31.39;31.11;14.91;10.60;36.75;36.75;36.75;36.75
"15086";99.30;99.12;98.80;98.37;98.08;96.97;92.55;88.40;78.92;48.39;28.84;26.48;99.30;99.01;98.52;98.10;97.81;96.70;92.18;87.60;77.21;45.67;12.23;12.23;12.23;12.23;12.23;12.23;12.23;12.23;12.23;6.89;6.06;3.56;22.96;22.96;22.96;22.96
"15087";99.50;99.36;99.23;98.65;98.64;98.40;92.55;92.49;89.02;77.96;55.02;54.50;99.50;99.35;99.23;98.36;98.36;98.13;92.26;92.20;88.17;73.04;9.38;9.38;9.38;9.38;9.38;9.38;9.38;9.38;9.38;9.38;4.37;3.56;51.68;51.68;51.13;51.13
"15088";98.82;96.68;95.28;92.35;92.04;90.79;86.15;85.51;71.77;58.86;42.74;42.34;97.34;95.12;92.61;87.72;87.28;84.98;75.07;73.20;56.21;31.37;7.41;7.41;7.41;7.41;7.41;7.41;7.41;7.41;7.41;7.41;3.23;2.70;39.89;39.89;39.89;39.89
"15089";98.31;98.04;97.99;96.76;96.75;96.68;92.66;91.45;84.45;63.46;40.77;37.06;98.05;97.52;96.84;95.41;95.34;94.50;89.25;88.18;80.31;56.81;16.07;16.07;16.07;16.07;16.07;16.07;16.07;16.07;16.07;16.07;11.95;6.10;31.95;31.95;31.95;31.95
"15090";98.70;98.34;98.06;97.53;97.47;96.80;91.14;90.36;79.46;55.24;23.89;19.45;98.70;98.34;97.98;97.37;97.31;96.80;91.14;90.36;75.89;42.65;27.98;27.98;27.98;27.98;27.98;27.98;27.98;27.98;27.98;27.98;18.71;14.26;5.19;5.19;5.19;5.19
"15091";99.14;99.13;99.13;98.50;98.41;98.28;87.55;85.84;78.96;62.23;56.68;46.86;98.75;98.61;98.55;97.22;97.04;96.72;79.48;78.31;67.34;35.32;27.16;27.16;27.16;27.16;27.16;27.16;27.16;27.16;27.16;27.16;27.16;16.02;35.75;35.75;35.75;35.75
"16051";99.33;99.33;98.34;97.61;97.58;96.43;94.47;93.95;84.41;69.08;48.79;47.71;99.00;99.00;96.54;95.20;94.84;93.61;90.63;89.96;75.55;51.87;43.78;43.78;43.78;43.78;43.78;43.78;43.78;43.78;43.78;43.78;43.78;42.70;5.88;5.88;5.88;5.88
"16052";99.97;99.64;94.80;93.32;93.19;92.50;72.09;72.09;67.84;54.86;46.48;28.50;99.49;99.32;93.74;92.46;92.34;90.98;66.46;66.46;58.55;39.05;39.47;39.47;39.47;39.47;39.47;39.47;39.47;39.47;39.47;39.47;39.47;20.99;7.51;7.51;7.51;7.51
"16053";99.47;99.47;99.47;99.47;99.47;99.47;98.33;97.16;94.68;74.50;33.54;11.63;99.47;99.47;99.47;99.47;99.47;99.47;98.33;97.16;94.60;74.20;27.58;27.58;27.58;27.58;27.58;27.58;27.58;27.58;27.58;27.58;27.58;8.04;6.44;6.44;6.44;3.59
"16054";99.23;99.23;97.00;97.00;97.00;96.83;94.09;93.77;84.55;59.96;41.63;25.60;98.81;98.81;96.49;96.41;96.33;94.76;91.54;91.21;80.06;29.05;34.51;34.51;34.51;34.51;34.51;34.51;34.51;34.51;34.51;34.51;34.51;18.49;7.12;7.12;7.12;7.12
"16055";100.00;100.00;99.99;99.94;99.94;99.79;98.57;98.26;87.23;66.58;35.64;35.64;100.00;100.00;99.72;99.72;99.72;99.64;98.14;98.14;84.84;55.03;28.31;28.31;28.31;28.31;28.31;28.31;28.31;28.31;28.31;28.31;28.31;28.31;7.86;7.86;7.86;7.86
"16056";99.30;99.25;99.06;98.85;98.84;98.19;97.58;96.08;87.66;41.91;41.10;11.33;98.80;98.03;95.98;95.29;95.27;95.23;88.23;88.23;77.85;3.44;31.23;31.23;31.23;31.23;31.23;31.23;31.23;31.23;31.23;31.23;31.23;0.74;10.99;10.99;10.99;10.99
"16061";99.30;99.30;99.18;99.17;99.17;99.16;95.29;92.78;77.06;53.31;19.97;18.51;98.27;97.78;97.66;97.53;97.53;97.47;92.79;92.46;75.88;46.95;18.79;18.79;18.79;18.79;18.79;18.79;18.79;18.79;18.79;18.79;10.32;8.86;10.86;10.86;10.86;10.86
"16062";99.66;99.66;99.36;98.88;98.76;98.20;81.03;78.53;63.12;47.39;10.69;3.95;99.44;99.44;98.87;98.47;98.15;96.87;78.40;77.95;61.18;44.92;9.08;9.08;9.08;9.08;9.08;9.08;9.08;9.08;9.08;9.08;9.08;2.34;1.62;1.62;1.62;1.62
"16063";98.45;98.08;97.58;96.65;96.50;95.75;88.02;82.70;66.52;38.84;12.50;12.26;97.85;97.47;96.71;95.60;95.44;94.60;84.89;81.83;66.09;37.98;6.17;6.17;6.17;6.17;6.17;6.17;6.17;6.17;6.17;4.92;4.92;4.67;7.58;7.58;7.58;7.58
"16064";98.28;98.26;98.13;97.59;97.55;97.05;92.03;86.11;62.14;34.96;20.70;13.99;97.05;97.03;96.69;95.52;95.35;94.59;83.50;83.31;58.53;20.51;20.51;20.51;20.51;20.51;20.51;20.51;20.51;20.51;20.51;17.90;17.90;11.18;2.90;2.90;2.90;2.90
"16065";98.95;98.70;97.28;96.88;96.88;96.88;94.12;94.00;87.50;77.87;66.39;60.39;98.18;98.11;96.69;95.47;95.47;95.33;90.43;90.31;86.35;72.09;13.47;13.47;13.47;13.47;13.47;13.47;13.47;13.47;13.47;13.47;13.47;6.54;55.69;55.69;55.69;55.69
"16066";99.89;99.79;99.21;98.96;98.79;98.47;91.03;89.09;71.75;42.69;14.79;7.09;99.79;99.79;99.06;98.81;98.64;98.32;88.85;88.15;70.95;38.86;11.57;11.57;11.57;11.57;11.57;11.57;11.57;11.57;11.57;11.57;11.57;3.87;3.22;3.22;3.22;3.22
"16067";99.41;99.41;99.11;98.25;98.16;97.79;93.49;91.93;79.97;59.46;43.43;43.39;99.15;99.04;98.49;97.31;97.19;96.76;89.06;88.51;75.41;50.80;22.77;22.77;22.77;22.77;22.77;22.77;22.77;22.77;22.77;22.77;22.58;22.53;21.51;21.51;21.51;21.51
"16068";98.11;96.58;96.39;95.27;95.27;95.27;87.14;84.59;68.75;39.21;16.67;16.67;97.74;96.21;96.02;94.91;94.91;94.91;86.28;83.92;67.81;32.53;11.31;11.31;11.31;11.31;11.31;11.31;11.31;11.31;11.31;11.31;11.31;11.31;5.96;5.96;5.96;5.96
"16069";99.88;99.88;99.86;99.86;99.84;99.58;95.73;93.99;80.27;55.64;44.21;40.14;99.88;99.88;99.67;99.67;99.65;99.40;94.05;93.39;79.90;52.28;21.53;21.53;21.53;21.53;21.53;21.53;21.53;21.53;21.53;21.53;21.53;3.41;39.43;39.43;39.43;39.43
"16070";99.90;99.66;99.08;98.79;98.69;98.04;89.81;87.06;66.01;49.40;15.93;13.01;99.01;98.40;97.67;97.00;96.85;96.39;79.85;75.08;63.28;43.25;7.18;7.18;7.18;7.18;7.18;7.18;7.18;7.18;7.18;7.18;7.18;2.82;10.64;10.64;10.64;10.64
"16071";99.23;98.62;97.69;96.61;96.43;95.88;88.05;85.39;74.34;43.58;15.99;14.46;97.60;96.62;96.43;95.17;94.98;94.43;84.59;84.07;73.70;40.39;9.93;9.93;9.93;9.93;9.93;9.93;9.93;9.93;9.93;9.93;9.93;8.40;6.06;6.06;6.06;6.06
"16072";99.78;99.34;99.34;99.30;99.17;98.56;90.35;89.29;81.83;71.80;36.28;28.19;99.78;99.34;99.34;99.30;99.17;96.96;86.33;85.21;72.90;50.80;53.93;53.93;53.93;53.93;53.93;53.93;53.93;53.93;53.93;53.93;33.64;25.55;2.86;2.86;2.86;2.86
"16073";99.55;98.97;98.21;95.16;94.93;93.42;83.19;80.95;70.41;50.99;17.38;16.08;99.55;98.97;97.93;92.39;92.10;91.53;78.52;77.86;65.85;38.10;27.15;27.15;27.15;27.15;27.15;27.15;27.15;27.15;27.15;27.15;12.71;11.40;4.79;4.79;4.79;4.79
"16074";98.85;98.51;98.20;97.78;97.60;96.60;87.88;79.77;59.17;43.36;28.15;19.66;96.62;96.19;95.32;93.51;92.75;90.59;75.64;74.58;53.87;33.00;21.21;21.21;21.21;21.21;21.21;21.21;21.21;21.21;21.21;21.21;21.21;12.32;9.00;9.00;9.00;9.00
"16075";98.51;97.56;97.43;97.41;97.41;97.41;90.13;83.63;70.17;52.99;43.23;25.87;97.16;96.52;95.51;95.20;95.08;94.58;81.81;80.88;64.07;37.19;33.10;33.10;33.10;33.10;33.10;33.10;33.10;33.10;33.10;33.10;33.10;15.30;10.66;10.66;10.66;10.66
"16076";99.55;99.08;98.65;97.52;97.46;96.48;89.67;85.28;74.47;46.14;26.84;23.49;99.30;98.46;97.90;96.02;95.92;95.34;84.60;83.34;69.81;35.33;33.21;33.21;33.21;33.21;33.21;33.21;33.21;33.21;33.21;33.21;23.61;20.27;3.22;3.22;3.22;3.22
"16077";99.63;99.44;99.19;98.14;98.10;97.64;94.12;92.52;85.08;65.31;45.89;35.92;98.68;98.46;97.86;93.05;93.00;92.58;85.88;84.45;73.71;41.00;32.95;32.95;32.95;32.95;32.95;32.95;32.95;32.95;32.95;25.45;24.38;8.06;29.10;29.10;29.10;29.10
