"ags";"verf_100_1";"verf_100_2";"verf_100_6";"verf_100_16";"verf_100_30";"verf_100_50";"verf_200_1";"verf_200_2";"verf_200_6";"verf_200_16";"verf_200_30";"verf_200_50";"verf_300_1";"verf_300_2";"verf_300_6";"verf_300_16";"verf_300_30";"verf_300_50";"verf_dsl_1";"verf_dsl_2";"verf_dsl_6";"verf_dsl_16";"verf_dsl_30";"verf_dsl_50";"verf_ftth_1";"verf_ftth_2";"verf_ftth_6";"verf_ftth_16";"verf_ftth_30";"verf_ftth_50";"verf_catv_1";"verf_catv_2";"verf_catv_6";"verf_catv_16";"verf_catv_30";"verf_catv_50";"verf_plc_1";"verf_plc_2";"verf_plc_6";"verf_plc_16";"verf_plc_30";"verf_plc_50";"verf_umts_1";"verf_umts_2";"verf_lte_1";"verf_lte_2";"verf_lte_6";"verf_wlan_1";"verf_wlan_2";"verf_wlan_6";"verf_wlan_16";"verf_wlan_30";"verf_wlan_50";"verf_wimax_1";"verf_wimax_2";"verf_wimax_6";"verf_wimax_16";"verf_wimax_30";"verf_wimax_50"
"01001";100;100;100;100;99;98;100;99;96;0;0;0;100;100;100;100;99;98;100;100;100;99;90;84;13;13;13;13;13;13;93;93;93;93;93;93;0;0;0;0;0;0;100;42;99;99;96;0;0;0;0;0;0;0;0;0;0;0;0
"01002";100;100;100;100;98;97;100;100;100;87;40;40;100;100;100;100;98;98;100;100;100;100;78;72;21;21;21;21;21;21;92;92;92;92;92;92;0;0;0;0;0;0;99;47;100;100;99;87;87;87;87;40;40;0;0;0;0;0;0
"01003";100;100;100;99;97;96;100;100;99;0;0;0;100;100;100;99;97;96;100;100;99;99;92;79;3;3;3;3;3;3;91;91;91;91;91;91;0;0;0;0;0;0;99;41;100;100;99;0;0;0;0;0;0;0;0;0;0;0;0
"01004";100;100;100;99;98;98;100;100;99;0;0;0;100;100;100;99;98;98;100;100;100;96;68;62;28;28;28;28;28;28;92;92;92;92;92;92;0;0;0;0;0;0;100;36;100;100;99;0;0;0;0;0;0;0;0;0;0;0;0
"01051";95;95;89;84;81;77;94;94;90;0;0;0;99;99;98;84;81;77;94;93;85;77;71;63;8;8;8;8;8;8;43;43;43;43;43;43;0;0;0;0;0;0;83;44;94;94;90;0;0;0;0;0;0;0;0;0;0;0;0
"01053";98;97;97;95;94;93;98;98;95;1;1;0;99;99;99;95;94;93;93;91;85;80;73;67;43;43;43;43;43;43;67;67;67;67;67;67;0;0;0;0;0;0;84;47;97;97;95;1;1;1;1;1;0;0;0;0;0;0;0
"01054";92;90;84;78;74;70;96;95;91;0;0;0;99;99;98;78;74;70;91;89;82;73;66;59;4;4;4;4;4;4;45;45;45;45;45;45;0;0;0;0;0;0;80;44;94;94;91;2;2;2;0;0;0;3;3;3;0;0;0
"01055";93;91;85;81;80;78;99;99;97;16;0;0;99;99;99;83;80;78;93;91;84;76;72;69;1;1;1;1;1;1;62;62;62;62;62;62;0;0;0;0;0;0;90;49;98;98;96;17;17;17;16;0;0;5;5;5;0;0;0
"01056";99;99;98;95;93;92;99;99;94;0;0;0;99;99;99;95;93;92;99;98;97;92;84;76;22;22;22;22;22;22;78;78;78;78;78;78;0;0;0;0;0;0;97;43;99;99;94;0;0;0;0;0;0;0;0;0;0;0;0
"01057";94;91;85;80;77;73;98;98;93;23;0;0;99;99;99;85;77;73;94;91;84;79;69;59;4;4;4;4;4;4;44;44;44;44;44;44;0;0;0;0;0;0;83;44;97;97;92;24;24;24;23;0;0;1;1;1;0;0;0
"01058";95;93;88;83;79;75;98;98;95;15;0;0;99;99;98;85;79;75;94;90;83;74;65;56;16;16;16;16;16;16;54;54;54;54;54;54;0;0;0;0;0;0;80;38;98;98;94;15;15;15;15;0;0;0;0;0;0;0;0
"01059";92;90;82;72;67;59;96;95;89;0;0;0;99;99;98;72;67;59;92;90;82;69;59;46;1;1;1;1;1;1;39;39;39;39;39;39;0;0;0;0;0;0;76;39;94;94;89;0;0;0;0;0;0;0;0;0;0;0;0
"01060";98;97;96;94;93;92;99;98;93;0;0;0;99;99;99;94;93;92;94;93;87;75;50;44;66;66;66;66;66;66;66;66;66;66;66;66;0;0;0;0;0;0;89;39;98;98;93;0;0;0;0;0;0;0;0;0;0;0;0
"01061";97;96;96;94;92;91;97;97;93;0;0;0;99;99;99;94;92;91;92;89;81;69;60;53;54;54;54;54;54;54;56;56;56;56;56;56;0;0;0;0;0;0;85;43;96;96;93;0;0;0;0;0;0;0;0;0;0;0;0
"01062";98;98;98;97;95;94;99;99;96;0;0;0;99;99;99;97;95;94;97;96;92;89;83;77;20;20;20;20;20;20;75;75;75;75;75;75;0;0;0;0;0;0;94;46;99;99;96;0;0;0;0;0;0;0;0;0;0;0;0
"02000";100;100;100;99;98;97;100;100;99;0;0;0;100;100;100;99;98;97;100;100;100;99;92;84;71;71;71;71;71;71;87;87;87;87;87;87;0;0;0;0;0;0;100;42;100;100;99;0;0;0;0;0;0;0;0;0;0;0;0
"03101";100;100;100;99;98;96;100;100;99;0;0;0;100;100;100;99;98;96;100;100;100;99;90;80;8;8;8;8;8;8;87;87;87;87;87;87;0;0;0;0;0;0;100;42;100;100;99;0;0;0;0;0;0;0;0;0;0;0;0
"03102";98;98;96;94;93;91;100;100;99;0;0;0;100;100;100;94;93;91;98;98;96;94;90;86;0;0;0;0;0;0;80;80;80;80;80;80;0;0;0;0;0;0;95;51;100;100;99;0;0;0;0;0;0;0;0;0;0;0;0
"03103";100;100;99;98;96;96;100;100;99;0;0;0;100;100;100;98;96;96;100;100;98;97;92;91;7;7;7;7;7;7;77;77;77;77;77;77;0;0;0;0;0;0;97;47;100;100;99;0;0;0;0;0;0;0;0;0;0;0;0
"03151";97;96;93;86;81;70;97;97;92;0;0;0;99;99;99;86;81;70;96;95;90;82;73;61;0;0;0;0;0;0;36;36;36;36;36;36;0;0;0;0;0;0;82;41;97;97;92;0;0;0;0;0;0;0;0;0;0;0;0
"03152";98;98;95;93;91;84;98;97;96;0;0;0;99;99;99;93;91;84;98;97;95;91;85;74;0;0;0;0;0;0;64;64;64;64;64;64;0;0;0;0;0;0;90;43;97;97;96;1;1;1;0;0;0;0;0;0;0;0;0
"03153";98;98;98;95;93;90;98;98;96;0;0;0;99;99;99;95;93;90;98;98;97;92;87;80;0;0;0;0;0;0;70;70;70;70;70;70;0;0;0;0;0;0;89;47;97;97;96;0;0;0;0;0;0;0;0;0;0;0;0
"03154";98;97;95;92;89;87;98;98;96;0;0;0;99;99;99;92;89;87;97;95;92;88;83;78;0;0;0;0;0;0;46;46;46;46;46;46;0;0;0;0;0;0;85;50;98;98;96;0;0;0;0;0;0;0;0;0;0;0;0
"03155";94;92;84;81;79;73;97;97;95;4;0;0;99;99;99;83;79;73;94;91;83;76;68;59;0;0;0;0;0;0;55;55;55;55;55;55;0;0;0;0;0;0;81;50;95;95;93;8;8;7;4;0;0;46;46;46;0;0;0
"03156";98;98;98;95;91;85;94;92;86;0;0;0;99;99;99;95;91;85;98;98;96;91;85;72;0;0;0;0;0;0;62;62;62;62;62;62;0;0;0;0;0;0;88;45;91;91;86;3;3;0;0;0;0;0;0;0;0;0;0
"03157";99;99;97;95;84;82;99;99;96;0;0;0;100;100;99;95;84;82;99;99;97;94;77;72;0;0;0;0;0;0;61;61;61;61;61;61;0;0;0;0;0;0;88;44;99;99;96;0;0;0;0;0;0;0;0;0;0;0;0
"03158";99;99;98;97;85;84;98;98;96;0;0;0;99;99;99;97;85;84;99;99;98;93;50;47;0;0;0;0;0;0;53;53;53;53;53;53;0;0;0;0;0;0;84;40;98;98;96;0;0;0;0;0;0;0;0;0;0;0;0
"03241";99;99;99;98;95;93;99;99;98;3;2;2;100;100;100;98;95;93;99;99;99;97;90;80;9;9;9;9;9;9;82;82;82;82;82;82;0;0;0;0;0;0;98;43;99;99;98;9;9;8;3;2;2;0;0;0;0;0;0
"03251";93;93;88;80;75;67;98;98;96;0;0;0;99;99;99;80;75;67;93;93;88;79;68;54;0;0;0;0;0;0;52;52;52;52;52;52;0;0;0;0;0;0;83;49;98;98;96;0;0;0;0;0;0;0;0;0;0;0;0
"03252";97;96;91;84;81;76;98;98;96;0;0;0;99;99;99;84;81;76;97;96;88;81;75;66;24;24;24;24;24;24;58;58;58;58;58;58;24;4;0;0;0;0;87;46;97;97;95;62;62;62;0;0;0;0;0;0;0;0;0
"03254";99;98;97;96;88;85;98;98;95;0;0;0;99;99;99;96;88;85;99;98;97;95;84;79;0;0;0;0;0;0;59;59;59;59;59;59;0;0;0;0;0;0;90;45;98;98;95;1;1;1;0;0;0;0;0;0;0;0;0
"03255";95;95;91;86;82;75;94;94;91;0;0;0;99;99;98;86;82;75;95;94;89;80;73;63;0;0;0;0;0;0;51;51;51;51;51;51;0;0;0;0;0;0;84;54;93;93;91;0;0;0;0;0;0;1;1;1;0;0;0
"03256";94;94;90;83;81;80;97;97;93;3;3;3;99;99;99;83;82;80;94;94;90;79;76;72;0;0;0;0;0;0;49;49;49;49;49;49;0;0;0;0;0;0;80;47;97;97;92;3;3;3;3;3;3;0;0;0;0;0;0
"03257";98;97;94;88;84;75;98;98;95;0;0;0;99;99;99;88;84;75;98;97;94;88;79;67;0;0;0;0;0;0;53;53;53;53;53;53;0;0;0;0;0;0;90;45;97;97;95;9;9;9;0;0;0;1;1;0;0;0;0
"03351";97;97;94;92;89;86;98;98;95;5;3;3;99;99;99;92;89;86;97;96;93;90;85;79;0;0;0;0;0;0;51;51;51;51;51;51;0;0;0;0;0;0;88;50;98;98;95;5;5;5;5;3;3;0;0;0;0;0;0
"03352";95;95;93;90;82;70;97;97;94;0;0;0;99;99;99;90;82;70;95;94;92;87;76;56;24;24;24;24;24;24;57;57;57;57;57;57;0;0;0;0;0;0;79;37;97;97;94;0;0;0;0;0;0;1;1;1;0;0;0
"03353";98;97;95;92;89;84;99;98;96;0;0;0;99;99;99;92;89;84;97;96;93;88;82;69;0;0;0;0;0;0;70;70;70;70;70;70;0;0;0;0;0;0;87;43;98;98;96;0;0;0;0;0;0;0;0;0;0;0;0
"03354";84;81;68;58;57;54;95;95;91;7;0;0;98;98;96;65;58;54;84;80;68;57;55;51;0;0;0;0;0;0;38;38;38;38;38;38;0;0;0;0;0;0;51;43;94;94;90;16;16;16;7;0;0;0;0;0;0;0;0
"03355";95;94;87;79;76;73;98;98;95;0;0;0;99;99;98;79;76;73;94;93;86;78;72;66;1;1;1;1;1;1;57;57;57;57;57;57;0;0;0;0;0;0;84;36;98;98;95;0;0;0;0;0;0;1;1;1;0;0;0
"03356";96;96;95;92;85;71;97;94;85;0;0;0;99;99;99;92;85;71;96;96;95;92;78;57;0;0;0;0;0;0;48;48;48;48;48;48;0;0;0;0;0;0;86;42;93;93;85;0;0;0;0;0;0;0;0;0;0;0;0
"03357";95;95;93;90;83;64;96;95;91;0;0;0;99;99;98;90;83;64;95;94;92;88;77;51;13;13;13;13;13;13;35;35;35;35;35;35;0;0;0;0;0;0;70;44;95;95;91;0;0;0;0;0;0;0;0;0;0;0;0
"03358";94;93;89;82;77;75;98;98;96;0;0;0;99;99;98;82;77;75;93;91;87;76;69;63;4;4;4;4;4;4;60;60;60;60;60;60;0;0;0;0;0;0;79;42;98;98;96;0;0;0;0;0;0;0;0;0;0;0;0
"03359";97;97;96;92;88;79;97;97;94;0;0;0;99;99;99;92;88;79;97;97;95;89;75;61;12;12;12;12;12;12;60;60;60;60;60;60;0;0;0;0;0;0;79;42;97;97;94;0;0;0;0;0;0;0;0;0;0;0;0
"03360";92;91;82;69;68;66;97;97;93;0;0;0;99;99;96;69;68;66;92;91;80;66;62;58;3;3;3;3;3;3;54;54;54;54;54;54;0;0;0;0;0;0;71;41;97;97;93;0;0;0;0;0;0;0;0;0;0;0;0
"03361";96;95;91;84;80;70;98;98;96;0;0;0;100;99;99;84;80;70;95;95;89;79;68;55;0;0;0;0;0;0;61;61;61;61;61;61;0;0;0;0;0;0;90;44;98;98;96;0;0;0;0;0;0;0;0;0;0;0;0
"03401";100;100;99;99;98;97;100;100;96;0;0;0;100;100;100;99;98;97;100;100;99;96;87;84;0;0;0;0;0;0;93;93;93;93;93;93;0;0;0;0;0;0;99;47;100;100;96;0;0;0;0;0;0;0;0;0;0;0;0
"03402";99;99;98;98;96;96;100;100;98;0;0;0;100;100;100;98;96;96;99;99;98;96;84;78;0;0;0;0;0;0;93;93;93;93;93;93;0;0;0;0;0;0;96;36;99;99;94;0;0;0;0;0;0;13;13;13;0;0;0
"03403";100;100;100;99;98;97;100;100;99;0;0;0;100;100;100;99;98;97;100;100;99;97;88;79;39;39;39;39;39;39;93;93;93;93;93;93;0;0;0;0;0;0;100;42;100;100;99;0;0;0;0;0;0;0;0;0;0;0;0
"03404";100;100;99;98;96;96;100;100;100;0;0;0;100;100;100;98;96;96;99;99;98;95;84;78;0;0;0;0;0;0;89;89;89;89;89;89;0;0;0;0;0;0;100;39;100;100;100;0;0;0;0;0;0;0;0;0;0;0;0
"03405";100;100;99;99;98;97;100;99;98;0;0;0;100;100;100;99;98;97;100;100;99;97;84;67;2;2;2;2;2;2;95;95;95;95;95;95;0;0;0;0;0;0;99;49;99;99;98;93;93;0;0;0;0;93;93;0;0;0;0
"03451";97;96;94;91;85;72;98;98;95;0;0;0;100;100;100;91;85;72;96;96;94;86;75;55;16;16;16;16;16;16;55;55;55;55;55;55;0;0;0;0;0;0;87;49;98;98;95;0;0;0;0;0;0;15;15;15;0;0;0
"03452";93;92;88;84;79;71;100;99;99;0;0;0;100;100;100;84;79;71;93;92;87;78;68;55;0;0;0;0;0;0;55;55;55;55;55;55;0;0;0;0;0;0;85;45;96;96;93;0;0;0;0;0;0;83;83;80;0;0;0
"03453";94;94;91;84;75;62;97;97;95;0;0;0;99;99;99;84;75;62;94;94;91;81;68;51;1;1;1;1;1;1;41;41;41;41;41;41;0;0;0;0;0;0;86;45;97;97;95;0;0;0;0;0;0;2;2;2;0;0;0
"03454";95;94;91;85;80;73;97;96;93;0;0;0;99;99;98;85;80;73;94;93;88;79;69;57;10;10;10;10;10;10;50;50;50;50;50;50;0;0;0;0;0;0;86;48;95;95;93;0;0;0;0;0;0;2;2;2;0;0;0
"03455";96;96;93;89;86;80;100;100;98;0;0;0;100;100;100;89;86;80;96;96;93;84;75;59;0;0;0;0;0;0;62;62;62;62;62;62;0;0;0;0;0;0;95;54;98;98;95;9;9;0;0;0;0;74;74;60;0;0;0
"03456";95;94;91;86;82;78;97;93;90;0;0;0;99;99;98;86;82;78;95;94;90;83;74;65;0;0;0;0;0;0;65;65;65;65;65;65;0;0;0;0;0;0;91;45;93;93;90;0;0;0;0;0;0;0;0;0;0;0;0
"03457";94;94;90;85;79;71;99;99;97;0;0;0;99;99;99;85;79;71;94;93;89;81;70;57;1;1;1;1;1;1;53;53;53;53;53;53;0;0;0;0;0;0;77;40;95;95;90;0;0;0;0;0;0;53;53;52;0;0;0
"03458";94;94;92;87;82;71;99;98;95;0;0;0;99;99;99;87;82;71;94;94;90;83;73;56;0;0;0;0;0;0;53;53;53;53;53;53;0;0;0;0;0;0;85;47;98;98;95;0;0;0;0;0;0;0;0;0;0;0;0
"03459";94;93;89;82;76;70;99;99;97;1;0;0;99;99;99;83;76;70;94;93;89;79;68;56;0;0;0;0;0;0;50;50;50;50;50;50;0;0;0;0;0;0;88;51;98;98;97;0;0;0;0;0;0;1;1;1;0;0;0
"03460";95;94;92;86;79;71;98;98;96;0;0;0;99;99;99;86;79;71;95;94;91;83;71;57;16;16;16;16;16;16;52;52;52;52;52;52;0;0;0;0;0;0;88;48;98;98;96;0;0;0;0;0;0;0;0;0;0;0;0
"03461";95;95;92;87;82;75;97;97;93;0;0;0;99;99;98;87;82;75;95;94;89;78;66;53;0;0;0;0;0;0;63;63;63;63;63;63;0;0;0;0;0;0;85;43;97;97;93;0;0;0;0;0;0;0;0;0;0;0;0
"03462";94;93;89;82;73;62;100;100;99;0;0;0;100;100;99;82;73;62;93;92;87;77;65;47;0;0;0;0;0;0;36;36;36;36;36;36;0;0;0;0;0;0;85;45;95;95;91;0;0;0;0;0;0;93;93;93;0;0;0
"04011";100;100;99;98;97;95;100;100;99;0;0;0;100;100;100;98;97;95;100;100;99;98;89;74;0;0;0;0;0;0;92;92;92;92;92;92;0;0;0;0;0;0;100;44;100;100;99;0;0;0;0;0;0;0;0;0;0;0;0
"04012";100;100;100;99;98;98;100;100;100;0;0;0;100;100;100;99;98;98;100;100;99;94;78;75;0;0;0;0;0;0;96;96;96;96;96;96;0;0;0;0;0;0;100;47;100;100;100;0;0;0;0;0;0;0;0;0;0;0;0
"05111";100;100;100;99;98;96;100;100;99;0;0;0;100;100;100;99;98;96;100;100;100;98;85;64;2;2;2;2;2;2;94;94;94;94;94;94;0;0;0;0;0;0;100;42;100;100;99;0;0;0;0;0;0;0;0;0;0;0;0
"05112";100;100;100;98;94;87;100;100;99;0;0;0;100;100;100;98;94;87;100;100;99;97;86;71;0;0;0;0;0;0;69;69;69;69;69;69;0;0;0;0;0;0;100;47;100;100;99;0;0;0;0;0;0;0;0;0;0;0;0
"05113";100;100;99;98;94;91;100;100;98;0;0;0;100;100;100;98;94;91;100;100;99;96;86;73;1;1;1;1;1;1;81;81;81;81;81;81;0;0;0;0;0;0;100;40;100;100;98;0;0;0;0;0;0;0;0;0;0;0;0
"05114";100;100;99;98;96;94;100;100;96;0;0;0;100;100;100;98;96;94;100;100;99;97;89;78;0;0;0;0;0;0;86;86;86;86;86;86;0;0;0;0;0;0;100;42;100;100;96;0;0;0;0;0;0;0;0;0;0;0;0
"05116";100;100;99;99;97;95;100;100;97;0;0;0;100;100;100;99;97;95;100;99;98;97;89;80;3;3;3;3;3;3;79;79;79;79;79;79;0;0;0;0;0;0;100;48;99;99;97;0;0;0;0;0;0;0;0;0;0;0;0
"05117";100;100;100;99;97;96;100;100;100;0;0;0;100;100;100;99;97;96;100;100;99;98;89;82;0;0;0;0;0;0;88;88;88;88;88;88;0;0;0;0;0;0;100;42;100;100;100;0;0;0;0;0;0;0;0;0;0;0;0
"05119";100;100;100;99;97;95;100;100;98;0;0;0;100;100;100;99;97;95;100;100;100;99;93;87;0;0;0;0;0;0;75;75;75;75;75;75;0;0;0;0;0;0;100;41;100;100;98;0;0;0;0;0;0;0;0;0;0;0;0
"05120";100;100;99;99;97;96;100;99;94;0;0;0;100;100;100;99;97;96;100;99;99;98;94;91;0;0;0;0;0;0;73;73;73;73;73;73;0;0;0;0;0;0;99;39;99;99;94;0;0;0;0;0;0;0;0;0;0;0;0
"05122";100;100;100;99;95;88;100;100;98;0;0;0;100;100;100;99;95;88;100;100;99;99;91;78;0;0;0;0;0;0;60;60;60;60;60;60;0;0;0;0;0;0;100;42;100;100;98;0;0;0;0;0;0;0;0;0;0;0;0
"05124";100;100;99;98;95;92;100;100;98;0;0;0;100;100;100;98;95;92;100;100;99;97;89;74;0;0;0;0;0;0;82;82;82;82;82;82;0;0;0;0;0;0;99;40;100;100;98;0;0;0;0;0;0;0;0;0;0;0;0
"05154";97;96;95;91;87;81;99;96;90;5;0;0;100;99;99;91;87;81;97;96;95;90;84;74;0;0;0;0;0;0;42;42;42;42;42;42;0;0;0;0;0;0;96;49;96;96;89;0;0;0;0;0;0;5;5;5;5;0;0
"05158";99;99;98;96;93;92;99;99;96;0;0;0;100;100;100;96;93;92;99;99;98;94;80;74;10;10;10;10;10;10;77;77;77;77;77;77;0;0;0;0;0;0;99;46;99;99;96;0;0;0;0;0;0;0;0;0;0;0;0
"05162";99;99;99;98;95;92;100;100;97;0;0;0;100;100;100;98;95;92;99;99;98;97;89;78;4;4;4;4;4;4;70;70;70;70;70;70;0;0;0;0;0;0;99;52;99;99;97;0;0;0;0;0;0;0;0;0;0;0;0
"05166";98;98;98;95;91;87;100;98;96;0;0;0;100;100;100;95;91;87;98;98;97;94;86;77;1;1;1;1;1;1;64;64;64;64;64;64;0;0;0;0;0;0;99;47;98;98;96;0;0;0;0;0;0;0;0;0;0;0;0
"05170";98;97;96;93;90;87;100;99;97;0;0;0;100;100;99;93;90;87;98;97;95;91;84;78;1;1;1;1;1;1;66;66;66;66;66;66;0;0;0;0;0;0;98;47;99;99;97;0;0;0;0;0;0;0;0;0;0;0;0
"05314";100;100;100;100;99;99;100;100;98;0;0;0;100;100;100;100;99;99;100;100;100;100;97;87;6;6;6;6;6;6;96;96;96;96;96;96;0;0;0;0;0;0;100;42;100;100;98;0;0;0;0;0;0;0;0;0;0;0;0
"05315";100;100;100;100;100;99;100;100;99;0;0;0;100;100;100;100;100;99;100;100;100;99;97;96;72;72;72;72;72;72;93;93;93;93;93;93;0;0;0;0;0;0;100;48;100;100;99;0;0;0;0;0;0;0;0;0;0;0;0
"05316";100;100;100;100;99;98;100;100;98;0;0;0;100;100;100;100;99;98;100;100;100;99;98;97;2;2;2;2;2;2;87;87;87;87;87;87;0;0;0;0;0;0;100;45;100;100;98;0;0;0;0;0;0;0;0;0;0;0;0
"05334";99;99;99;98;97;95;98;94;87;0;0;0;100;99;99;98;97;95;99;99;99;98;94;91;23;23;23;23;23;23;80;80;80;80;80;80;0;0;0;0;0;0;96;41;91;91;87;0;0;0;0;0;0;0;0;0;0;0;0
"05358";99;99;99;97;88;84;98;98;95;0;0;0;100;100;99;97;88;84;99;99;98;96;79;74;0;0;0;0;0;0;60;60;60;60;60;60;0;0;0;0;0;0;92;47;98;98;95;0;0;0;0;0;0;0;0;0;0;0;0
"05362";99;99;99;98;97;94;99;99;96;3;0;0;100;100;100;98;97;94;99;99;99;98;96;94;2;2;2;2;2;2;50;50;50;50;50;50;0;0;0;0;0;0;98;47;99;99;96;0;0;0;0;0;0;5;5;3;3;0;0
"05366";98;97;93;87;83;76;97;96;93;0;0;0;100;99;99;87;83;76;97;97;92;84;79;70;0;0;0;0;0;0;41;41;41;41;41;41;0;0;0;0;0;0;85;38;96;96;93;0;0;0;0;0;0;0;0;0;0;0;0
"05370";99;98;97;96;94;92;96;90;84;0;0;0;100;99;99;96;94;92;97;94;86;80;77;73;43;43;43;43;43;43;27;27;27;27;27;27;0;0;0;0;0;0;92;41;88;88;84;0;0;0;0;0;0;0;0;0;0;0;0
"05374";95;93;88;80;74;66;98;97;94;1;0;0;99;99;99;80;74;66;95;93;88;78;71;60;3;3;3;3;3;3;29;29;29;29;29;29;0;0;0;0;0;0;91;52;96;96;94;0;0;0;0;0;0;1;1;1;1;0;0
"05378";99;98;97;95;93;89;99;99;96;1;0;0;100;100;99;96;93;89;99;98;97;95;93;86;1;1;1;1;1;1;49;49;49;49;49;49;0;0;0;0;0;0;97;44;98;98;96;0;0;0;0;0;0;1;1;1;1;0;0
"05382";98;98;97;94;92;86;99;99;95;17;9;0;100;99;99;95;92;86;98;98;97;94;91;83;1;1;1;1;1;1;52;52;52;52;52;52;0;0;0;0;0;0;94;43;98;98;95;1;1;1;1;0;0;18;18;18;16;9;0
"05512";100;100;100;98;97;96;100;100;99;0;0;0;100;100;100;98;97;96;100;100;100;98;93;89;0;0;0;0;0;0;87;87;87;87;87;87;0;0;0;0;0;0;100;46;100;100;99;0;0;0;0;0;0;0;0;0;0;0;0
"05513";100;100;99;99;98;97;100;100;99;0;0;0;100;100;100;99;98;97;100;100;99;98;94;91;6;6;6;6;6;6;89;89;89;89;89;89;0;0;0;0;0;0;100;45;100;100;99;0;0;0;0;0;0;0;0;0;0;0;0
"05515";100;100;99;97;94;92;100;100;100;0;0;0;100;100;100;97;94;92;100;100;99;96;88;82;0;0;0;0;0;0;81;81;81;81;81;81;0;0;0;0;0;0;100;48;100;100;100;0;0;0;0;0;0;0;0;0;0;0;0
"05554";96;96;95;90;85;83;100;99;97;26;4;0;100;99;99;92;86;83;96;96;93;83;72;68;25;25;25;25;25;25;43;43;43;43;43;43;0;0;0;0;0;0;98;55;99;99;97;29;29;27;26;4;0;0;0;0;0;0;0
"05558";95;95;93;88;86;84;99;99;98;30;24;0;100;100;100;91;88;84;95;94;89;76;70;64;20;20;20;20;20;20;50;50;50;50;50;50;0;0;0;0;0;0;97;54;99;99;98;30;30;30;30;24;0;0;0;0;0;0;0
"05562";99;99;97;93;90;89;99;99;98;3;3;0;100;100;99;94;90;89;99;98;96;89;75;71;0;0;0;0;0;0;78;78;78;78;78;78;0;0;0;0;0;0;99;48;99;99;98;3;3;3;3;3;0;0;0;0;0;0;0
"05566";96;95;91;83;77;73;100;99;98;12;0;0;100;100;99;85;77;73;96;94;90;77;63;57;6;6;6;6;6;6;49;49;49;49;49;49;0;0;0;0;0;0;96;54;99;99;97;2;2;2;1;0;0;10;10;10;10;0;0
"05570";96;96;93;84;81;78;100;100;98;0;0;0;100;100;99;84;81;78;95;95;90;74;59;54;9;9;9;9;9;9;59;59;59;59;59;59;0;0;0;0;0;0;98;54;100;100;98;0;0;0;0;0;0;0;0;0;0;0;0
"05711";100;100;99;96;84;83;100;100;98;0;0;0;100;100;100;96;84;83;100;100;99;95;47;40;1;1;1;1;1;1;78;78;78;78;78;78;0;0;0;0;0;0;99;43;100;100;98;0;0;0;0;0;0;0;0;0;0;0;0
"05754";97;97;94;85;78;74;99;99;98;0;0;0;100;100;99;85;78;74;97;97;93;83;74;66;0;0;0;0;0;0;50;50;50;50;50;50;0;0;0;0;0;0;97;46;99;99;98;0;0;0;0;0;0;0;0;0;0;0;0
"05758";99;99;98;95;92;90;99;99;97;2;0;0;100;100;99;95;92;90;99;99;98;95;89;83;0;0;0;0;0;0;63;63;63;63;63;63;0;0;0;0;0;0;96;46;99;99;97;0;0;0;0;0;0;2;2;2;2;0;0
"05762";95;94;89;83;69;66;96;95;93;0;0;0;99;99;97;83;69;66;94;93;87;81;58;52;0;0;0;0;0;0;45;45;45;45;45;45;0;0;0;0;0;0;88;52;95;95;93;0;0;0;0;0;0;0;0;0;0;0;0
"05766";97;97;94;87;83;78;98;98;97;0;0;0;99;99;99;87;83;78;97;96;93;82;72;63;0;0;0;0;0;0;61;61;61;61;61;61;0;0;0;0;0;0;89;50;98;98;96;0;0;0;0;0;0;0;0;0;0;0;0
"05770";97;96;91;85;80;76;99;98;96;0;0;0;100;99;99;85;80;76;97;96;91;84;77;69;0;0;0;0;0;0;56;56;56;56;56;56;0;0;0;0;0;0;92;42;98;98;96;0;0;0;0;0;0;0;0;0;0;0;0
"05774";98;98;97;92;86;78;99;99;97;30;30;30;100;100;99;92;87;80;98;98;96;87;70;58;0;0;0;0;0;0;60;60;60;60;60;60;0;0;0;0;0;0;93;52;98;98;97;33;33;31;30;30;30;0;0;0;0;0;0
"05911";100;100;100;99;97;95;100;100;98;0;0;0;100;100;100;99;97;95;100;100;99;98;88;75;3;3;3;3;3;3;90;90;90;90;90;90;0;0;0;0;0;0;100;46;100;100;98;0;0;0;0;0;0;0;0;0;0;0;0
"05913";100;100;99;98;92;87;100;100;99;0;0;0;100;100;100;98;92;87;100;100;99;96;84;71;3;3;3;3;3;3;75;75;75;75;75;75;0;0;0;0;0;0;100;46;100;100;99;0;0;0;0;0;0;0;0;0;0;0;0
"05914";100;99;98;94;91;90;100;100;98;0;0;0;100;100;100;94;91;90;99;99;97;86;60;54;0;0;0;0;0;0;85;85;85;85;85;85;0;0;0;0;0;0;99;43;100;100;98;0;0;0;0;0;0;0;0;0;0;0;0
"05915";100;100;100;99;92;90;100;100;99;0;0;0;100;100;100;99;92;90;100;100;100;99;88;84;5;5;5;5;5;5;70;70;70;70;70;70;0;0;0;0;0;0;100;52;100;100;99;0;0;0;0;0;0;0;0;0;0;0;0
"05916";100;100;100;99;98;97;100;100;99;0;0;0;100;100;100;99;98;97;100;100;100;99;94;91;3;3;3;3;3;3;81;81;81;81;81;81;0;0;0;0;0;0;100;46;100;100;99;0;0;0;0;0;0;0;0;0;0;0;0
"05954";99;98;97;95;91;89;99;99;96;0;0;0;100;100;99;95;91;89;99;98;97;93;82;77;0;0;0;0;0;0;65;65;65;65;65;65;0;0;0;0;0;0;98;41;99;99;96;0;0;0;0;0;0;0;0;0;0;0;0
"05958";97;96;92;89;88;87;98;97;95;0;0;0;99;99;99;89;88;87;94;93;81;65;59;51;0;0;0;0;0;0;80;80;80;80;80;80;0;0;0;0;0;0;89;50;96;96;95;0;0;0;0;0;0;9;9;9;0;0;0
"05962";97;96;91;81;72;70;99;97;94;2;0;0;99;99;98;81;72;70;97;95;89;71;46;42;0;0;0;0;0;0;61;61;61;61;61;61;0;0;0;0;0;0;96;45;96;96;94;2;2;2;2;0;0;0;0;0;0;0;0
"05966";94;92;85;77;75;70;98;96;95;0;0;0;99;99;98;77;75;70;93;91;82;69;63;54;0;0;0;0;0;0;43;43;43;43;43;43;0;0;0;0;0;0;91;55;96;96;95;0;0;0;0;0;0;0;0;0;0;0;0
"05970";98;97;92;87;84;79;98;96;93;0;0;0;99;99;98;87;84;79;97;96;90;81;76;67;0;0;0;0;0;0;61;61;61;61;61;61;0;0;0;0;0;0;95;51;95;95;93;0;0;0;0;0;0;1;1;1;0;0;0
"05974";98;98;94;90;84;81;99;99;98;0;0;0;99;99;99;90;84;81;98;97;90;82;61;54;0;0;0;0;0;0;73;73;73;73;73;73;0;0;0;0;0;0;93;50;99;99;98;0;0;0;0;0;0;0;0;0;0;0;0
"05978";99;99;99;96;89;87;100;99;97;2;1;0;100;100;100;96;89;87;99;99;98;92;67;60;8;8;8;8;8;8;75;75;75;75;75;75;0;0;0;0;0;0;99;45;99;99;97;2;2;2;2;1;0;0;0;0;0;0;0
"06411";100;100;100;100;99;98;100;100;99;0;0;0;100;100;100;100;99;98;100;100;100;100;99;95;1;1;1;1;1;1;82;82;82;82;82;82;0;0;0;0;0;0;100;41;100;100;99;0;0;0;0;0;0;0;0;0;0;0;0
"06412";100;100;100;100;97;95;100;100;99;4;0;0;100;100;100;100;97;95;100;100;100;98;85;68;0;0;0;0;0;0;91;91;91;91;91;91;0;0;0;0;0;0;100;43;100;100;99;5;5;5;4;0;0;0;0;0;0;0;0
"06413";100;100;100;100;98;96;100;100;100;0;0;0;100;100;100;100;98;96;100;100;100;99;93;79;0;0;0;0;0;0;88;88;88;88;88;88;0;0;0;0;0;0;100;45;100;100;100;1;1;1;0;0;0;0;0;0;0;0;0
"06414";100;100;100;99;99;98;100;100;98;0;0;0;100;100;100;99;99;98;100;100;99;98;89;72;89;89;89;89;89;89;79;79;79;79;79;79;0;0;0;0;0;0;100;44;100;100;98;0;0;0;0;0;0;0;0;0;0;0;0
"06431";98;97;94;92;88;87;98;97;95;0;0;0;99;99;99;92;88;87;98;97;94;91;86;82;1;1;1;1;1;1;53;53;53;53;53;53;0;0;0;0;0;0;90;49;97;97;95;0;0;0;0;0;0;0;0;0;0;0;0
"06432";99;99;99;99;94;87;99;99;97;4;0;0;100;100;100;99;94;87;99;99;99;99;91;81;0;0;0;0;0;0;48;48;48;48;48;48;0;0;0;0;0;0;96;51;99;99;97;4;4;4;4;0;0;0;0;0;0;0;0
"06433";99;99;97;96;92;90;100;99;95;1;0;0;100;100;100;96;92;90;99;99;97;95;88;82;9;9;9;9;9;9;68;68;68;68;68;68;0;0;0;0;0;0;99;46;98;98;95;1;1;1;1;0;0;0;0;0;0;0;0
"06434";99;99;99;97;96;94;99;99;99;75;73;73;100;100;100;98;97;96;99;98;97;94;83;78;17;17;17;17;17;17;78;78;78;78;78;78;0;0;0;0;0;0;93;43;96;96;94;80;80;80;75;73;73;0;0;0;0;0;0
"06435";99;99;99;98;97;92;99;99;98;26;13;13;99;99;99;98;97;93;99;99;98;97;95;87;1;1;1;1;1;1;58;58;58;58;58;58;0;0;0;0;0;0;94;50;99;99;98;49;49;49;26;13;13;7;7;3;0;0;0
"06436";100;100;99;98;97;95;100;100;97;4;0;0;100;100;100;98;97;95;100;100;99;98;95;88;5;5;5;5;5;5;59;59;59;59;59;59;0;0;0;0;0;0;99;48;99;99;97;9;9;9;4;0;0;0;0;0;0;0;0
"06437";99;99;99;98;92;92;96;96;96;4;0;0;99;99;99;98;92;92;99;99;99;98;92;92;0;0;0;0;0;0;28;28;28;28;28;28;0;0;0;0;0;0;83;60;96;96;96;6;6;4;4;0;0;2;2;0;0;0;0
"06438";99;99;99;99;96;93;100;99;98;8;0;0;100;100;100;99;96;93;99;99;98;97;83;75;13;13;13;13;13;13;75;75;75;75;75;75;0;0;0;0;0;0;99;48;99;99;98;8;8;8;8;0;0;0;0;0;0;0;0
"06439";98;98;95;91;88;82;97;96;95;0;0;0;99;99;99;91;88;82;96;95;89;82;75;64;14;14;14;14;14;14;64;64;64;64;64;64;0;0;0;0;0;0;84;39;96;96;95;0;0;0;0;0;0;0;0;0;0;0;0
"06440";99;99;99;97;96;93;99;99;99;42;5;5;100;100;100;98;96;93;99;99;98;96;93;88;4;4;4;4;4;4;53;53;53;53;53;53;0;0;0;0;0;0;93;50;98;98;97;63;63;63;42;5;5;0;0;0;0;0;0
"06531";97;97;96;95;91;78;99;99;98;41;0;0;100;100;99;97;92;78;97;97;96;95;88;68;0;0;0;0;0;0;56;56;56;56;56;56;0;0;0;0;0;0;93;55;98;98;96;48;48;42;41;0;0;29;29;23;0;0;0
"06532";99;98;98;96;94;83;98;98;97;3;1;1;100;99;99;96;94;84;98;98;97;96;92;77;0;0;0;0;0;0;39;39;39;39;39;39;0;0;0;0;0;0;85;56;97;97;97;21;21;6;3;1;1;4;4;2;0;0;0
"06533";98;98;98;97;93;80;96;96;95;6;2;2;99;99;99;97;93;80;98;98;98;97;91;73;0;0;0;0;0;0;38;38;38;38;38;38;0;0;0;0;0;0;78;38;94;94;93;15;15;15;6;2;2;0;0;0;0;0;0
"06534";99;99;98;98;93;71;98;98;95;1;0;0;100;100;99;98;93;71;97;96;96;95;88;56;3;3;3;3;3;3;46;46;46;46;46;46;0;0;0;0;0;0;87;56;95;95;95;54;54;2;1;0;0;0;0;0;0;0;0
"06535";81;78;68;58;56;52;97;97;95;20;0;0;99;99;98;70;56;52;77;74;63;48;46;39;0;0;0;0;0;0;36;36;36;36;36;36;0;0;0;0;0;0;69;50;90;90;88;47;47;41;20;0;0;44;44;11;0;0;0
"06611";100;100;100;100;97;92;100;100;99;0;0;0;100;100;100;100;97;92;100;100;100;99;93;73;0;0;0;0;0;0;78;78;78;78;78;78;0;0;0;0;0;0;100;38;100;100;99;0;0;0;0;0;0;0;0;0;0;0;0
"06631";97;97;95;91;88;81;98;98;97;0;0;0;99;99;99;91;88;81;96;96;93;89;83;72;5;5;5;5;5;5;62;62;62;62;62;62;0;0;0;0;0;0;87;51;97;97;96;8;8;5;0;0;0;8;8;2;0;0;0
"06632";89;86;79;67;66;63;98;98;97;0;0;0;99;99;98;67;66;63;87;83;75;63;60;56;0;0;0;0;0;0;46;46;46;46;46;46;0;0;0;0;0;0;83;58;95;95;93;23;23;22;0;0;0;2;2;0;0;0;0
"06633";98;97;92;82;74;53;98;97;89;0;0;0;99;99;98;82;74;53;98;97;91;81;69;45;0;0;0;0;0;0;33;33;33;33;33;33;0;0;0;0;0;0;93;47;96;96;88;9;9;9;0;0;0;0;0;0;0;0;0
"06634";89;85;70;54;47;44;96;94;88;1;1;1;99;98;95;56;49;45;89;84;69;52;42;36;0;0;0;0;0;0;28;28;28;28;28;28;0;0;0;0;0;0;84;48;91;91;85;14;14;12;1;1;1;4;4;0;0;0;0
"06635";91;89;83;77;74;70;95;93;91;0;0;0;99;98;97;77;74;70;89;87;79;71;65;58;0;0;0;0;0;0;57;57;57;57;57;57;0;0;0;0;0;0;79;49;91;91;89;8;8;6;0;0;0;0;0;0;0;0;0
"06636";93;90;83;73;64;62;89;88;85;0;0;0;97;96;95;73;64;62;91;87;80;68;56;52;0;0;0;0;0;0;47;47;47;47;47;47;0;0;0;0;0;0;70;45;88;88;85;0;0;0;0;0;0;0;0;0;0;0;0
"07111";99;99;98;98;96;95;100;100;100;0;0;0;100;100;100;98;96;95;99;98;97;92;72;68;32;32;32;32;32;32;76;76;76;76;76;76;0;0;0;0;0;0;100;48;100;100;100;0;0;0;0;0;0;0;0;0;0;0;0
"07131";94;91;82;75;73;69;96;96;94;16;14;0;99;99;98;80;76;69;94;91;81;70;66;61;0;0;0;0;0;0;44;44;44;44;44;44;0;0;0;0;0;0;85;41;95;95;94;1;1;1;1;0;0;14;14;14;14;14;0
"07132";97;97;92;75;66;46;98;94;91;0;0;0;99;99;98;76;66;46;97;96;91;72;61;38;0;0;0;0;0;0;28;28;28;28;28;28;0;0;0;0;0;0;86;47;93;93;91;0;0;0;0;0;0;2;2;2;0;0;0
"07133";98;97;94;91;89;79;96;95;93;2;0;0;99;99;99;92;89;79;96;95;89;79;75;62;0;0;0;0;0;0;51;51;51;51;51;51;0;0;0;0;0;0;85;49;95;95;92;2;2;2;2;0;0;0;0;0;0;0;0
"07134";97;97;94;91;88;78;94;94;92;0;0;0;99;99;98;91;88;78;97;96;92;86;79;65;1;1;1;1;1;1;38;38;38;38;38;38;0;0;0;0;0;0;70;46;94;94;92;0;0;0;0;0;0;0;0;0;0;0;0
"07135";97;97;96;91;87;75;96;95;90;0;0;0;99;99;99;91;87;75;97;97;96;88;84;70;0;0;0;0;0;0;15;15;15;15;15;15;0;0;0;0;0;0;66;54;92;92;90;10;2;0;0;0;0;0;0;0;0;0;0
"07137";97;96;95;91;89;86;98;98;96;15;0;0;99;99;99;93;89;86;94;93;91;83;78;71;1;1;1;1;1;1;63;63;63;63;63;63;0;0;0;0;0;0;92;38;97;97;95;17;16;16;15;0;0;0;0;0;0;0;0
"07138";98;97;95;91;90;85;99;98;97;2;1;0;99;99;99;92;90;85;96;94;86;75;69;62;0;0;0;0;0;0;70;70;70;70;70;66;0;0;0;0;0;0;89;44;98;98;97;0;0;0;0;0;0;1;1;1;1;1;0
"07140";94;93;89;86;84;79;96;94;92;0;0;0;99;98;97;86;84;79;93;91;83;70;64;56;0;0;0;0;0;0;44;44;44;44;44;44;0;0;0;0;0;0;79;45;94;94;91;3;3;3;0;0;0;4;0;0;0;0;0
"07141";96;95;94;91;89;79;96;96;94;0;0;0;99;99;99;91;89;79;95;94;90;83;76;63;0;0;0;0;0;0;51;51;51;51;51;51;0;0;0;0;0;0;80;50;95;95;94;4;2;2;0;0;0;0;0;0;0;0;0
"07143";98;97;96;95;94;88;98;98;97;0;0;0;99;99;99;95;94;88;80;75;60;50;46;40;5;5;5;5;5;5;77;77;77;77;77;71;0;0;0;0;0;0;84;49;98;98;97;4;4;4;0;0;0;0;0;0;0;0;0
"07211";100;100;100;99;97;96;100;100;98;0;0;0;100;100;100;99;97;96;100;100;99;99;90;84;0;0;0;0;0;0;83;83;83;83;83;83;0;0;0;0;0;0;98;44;100;100;98;0;0;0;0;0;0;0;0;0;0;0;0
"07231";95;93;89;82;78;69;95;94;92;3;0;0;99;98;98;83;78;69;94;93;88;81;74;62;0;0;0;0;0;0;26;26;26;26;26;26;0;0;0;0;0;0;75;51;94;94;92;5;5;5;3;0;0;0;0;0;0;0;0
"07232";94;93;88;70;56;37;82;81;74;0;0;0;98;98;96;70;56;37;94;93;88;69;54;34;0;0;0;0;0;0;13;13;13;13;13;13;0;0;0;0;0;0;63;44;77;77;74;1;1;0;0;0;0;0;0;0;0;0;0
"07233";93;91;84;73;67;57;88;88;85;0;0;0;99;99;96;74;67;57;93;91;84;72;65;56;0;0;0;0;0;0;5;5;5;5;5;5;0;0;0;0;0;0;53;38;87;87;85;0;0;0;0;0;0;0;0;0;0;0;0
"07235";95;94;90;81;75;67;93;91;88;0;0;0;99;98;97;81;75;67;95;93;86;74;64;52;0;0;0;0;0;0;27;27;27;27;27;27;0;0;0;0;0;0;78;53;90;90;88;1;1;1;0;0;0;0;0;0;0;0;0
"07311";100;100;100;100;99;98;100;100;100;0;0;0;100;100;100;100;99;98;100;100;100;98;75;70;35;35;35;35;35;35;95;95;95;95;95;95;0;0;0;0;0;0;100;46;100;100;100;0;0;0;0;0;0;0;0;0;0;0;0
"07312";97;96;95;93;92;92;100;100;100;74;0;0;100;100;100;94;92;92;97;96;92;82;58;51;0;0;0;0;0;0;89;89;89;89;89;89;0;0;0;0;0;0;98;44;100;100;99;80;80;79;74;0;0;0;0;0;0;0;0
"07313";100;100;99;99;98;97;100;100;99;16;5;0;100;100;100;99;98;97;100;100;99;97;90;83;1;1;1;1;1;1;81;81;81;81;81;81;0;0;0;0;0;0;97;49;99;99;98;16;16;16;16;5;0;0;0;0;0;0;0
"07314";100;100;100;100;98;96;100;100;99;0;0;0;100;100;100;100;98;96;98;98;97;96;89;74;0;0;0;0;0;0;94;94;94;94;94;94;0;0;0;0;0;0;100;47;100;100;99;0;0;0;0;0;0;0;0;0;0;0;0
"07315";100;100;100;100;97;93;100;100;97;0;0;0;100;100;100;100;97;93;100;100;100;99;88;57;4;4;4;4;4;4;88;88;88;88;88;88;0;0;0;0;0;0;100;42;100;100;97;0;0;0;0;0;0;0;0;0;0;0;0
"07316";99;99;98;95;94;93;99;95;93;1;0;0;100;100;100;95;94;93;97;96;94;88;82;76;0;0;0;0;0;0;77;77;77;77;77;77;0;0;0;0;0;0;96;39;95;95;93;1;1;1;1;0;0;0;0;0;0;0;0
"07317";100;100;99;99;98;97;100;100;100;0;0;0;100;100;100;99;98;97;100;100;99;96;89;84;0;0;0;0;0;0;81;81;81;81;81;81;0;0;0;0;0;0;95;39;100;100;100;0;0;0;0;0;0;0;0;0;0;0;0
"07318";100;100;100;99;99;98;100;100;99;1;1;0;100;100;100;99;99;98;100;100;100;99;93;90;0;0;0;0;0;0;93;93;93;93;93;93;0;0;0;0;0;0;100;49;100;100;99;1;1;1;1;1;0;0;0;0;0;0;0
"07319";100;100;99;98;97;93;100;100;100;0;0;0;100;100;100;98;97;93;100;100;99;91;87;82;1;1;1;1;1;1;84;84;84;84;84;84;0;0;0;0;0;0;100;49;100;100;100;0;0;0;0;0;0;0;0;0;0;0;0
"07320";99;99;99;98;97;93;98;98;97;0;0;0;100;100;100;98;97;93;99;99;99;98;93;86;0;0;0;0;0;0;70;70;70;70;70;70;0;0;0;0;0;0;94;40;98;98;97;16;0;0;0;0;0;0;0;0;0;0;0
"07331";98;98;97;91;87;83;98;98;96;0;0;0;99;99;99;91;87;83;96;92;88;76;66;61;0;0;0;0;0;0;52;52;52;52;52;52;0;0;0;0;0;0;87;41;98;98;96;2;2;2;0;0;0;0;0;0;0;0;0
"07332";99;98;95;89;82;73;97;97;94;0;0;0;99;99;99;89;82;73;98;97;93;82;66;55;0;0;0;0;0;0;45;45;45;45;45;45;0;0;0;0;0;0;92;45;97;97;94;0;0;0;0;0;0;0;0;0;0;0;0
"07333";92;91;86;81;80;69;94;94;92;6;4;4;99;99;99;86;83;73;91;90;84;65;60;47;0;0;0;0;0;0;36;36;36;36;36;36;0;0;0;0;0;0;69;51;92;92;90;6;6;6;6;4;4;0;0;0;0;0;0
"07334";97;97;94;90;83;75;98;97;89;24;20;0;99;99;99;94;88;76;93;91;87;76;57;45;0;0;0;0;0;0;49;49;49;49;49;49;0;0;0;0;0;0;93;54;91;91;85;24;24;24;24;20;0;0;0;0;0;0;0
"07335";96;95;87;76;70;65;96;95;94;0;0;0;99;99;98;76;70;65;94;91;76;56;41;31;0;0;0;0;0;0;53;53;53;53;53;53;0;0;0;0;0;0;87;44;95;95;94;0;0;0;0;0;0;0;0;0;0;0;0
"07336";95;94;89;83;80;66;96;96;95;1;0;0;99;99;99;84;80;66;94;93;86;78;74;55;0;0;0;0;0;0;34;34;34;34;34;34;0;0;0;0;0;0;75;56;96;96;95;1;1;1;1;0;0;0;0;0;0;0;0
"07337";98;98;92;82;79;71;92;91;88;5;3;0;99;99;98;83;80;71;97;96;89;67;63;53;0;0;0;0;0;0;44;44;44;44;44;44;0;0;0;0;0;0;78;47;90;90;87;5;5;5;5;3;0;0;0;0;0;0;0
"07338";99;98;98;97;95;93;99;99;94;0;0;0;100;99;99;97;95;93;97;96;93;84;68;60;5;5;5;5;5;5;81;81;81;81;81;81;0;0;0;0;0;0;97;49;99;99;94;0;0;0;0;0;0;0;0;0;0;0;0
"07339";99;98;98;96;95;92;98;97;93;0;0;0;99;99;99;96;95;92;97;97;94;89;79;72;1;1;1;1;1;1;61;61;61;61;61;61;0;0;0;0;0;0;95;57;96;96;93;2;2;2;0;0;0;0;0;0;0;0;0
"07340";97;96;92;82;74;61;85;82;79;0;0;0;99;98;97;82;74;61;95;93;85;64;53;35;0;0;0;0;0;0;38;38;38;38;38;38;0;0;0;0;0;0;70;44;82;82;79;0;0;0;0;0;0;0;0;0;0;0;0
"08111";100;100;100;99;96;91;100;100;99;0;0;0;100;100;100;99;96;91;100;100;100;98;85;65;0;0;0;0;0;0;83;83;83;83;83;83;0;0;0;0;0;0;100;45;100;100;99;0;0;0;0;0;0;0;0;0;0;0;0
"08115";99;99;99;97;93;90;99;99;95;0;0;0;100;100;99;97;93;90;99;99;97;93;78;71;1;1;1;1;1;1;69;69;69;69;69;69;0;0;0;0;0;0;96;53;99;99;95;0;0;0;0;0;0;0;0;0;0;0;0
"08116";99;99;98;95;90;84;99;98;92;0;0;0;100;99;99;95;90;84;99;98;96;92;81;66;0;0;0;0;0;0;67;67;67;67;67;67;0;0;0;0;0;0;95;44;98;98;92;0;0;0;0;0;0;0;0;0;0;0;0
"08117";98;98;97;95;94;93;98;97;95;1;0;0;99;99;99;95;94;93;96;94;90;84;78;74;14;14;14;14;14;14;81;81;81;81;81;81;0;0;0;0;0;0;90;45;97;97;95;1;1;1;1;0;0;0;0;0;0;0;0
"08118";99;99;98;97;91;90;99;99;98;4;0;0;99;99;99;97;91;90;99;99;98;95;78;73;6;6;6;6;6;6;73;73;73;73;73;73;0;0;0;0;0;0;98;43;99;99;96;4;4;4;4;0;0;0;0;0;0;0;0
"08119";98;98;96;94;91;87;98;96;93;0;0;0;99;99;99;94;91;87;98;98;96;92;86;78;0;0;0;0;0;0;67;67;67;67;67;67;0;0;0;0;0;0;92;40;96;96;93;0;0;0;0;0;0;0;0;0;0;0;0
"08121";100;100;97;94;90;83;100;100;98;0;0;0;100;100;100;94;90;83;100;100;97;92;85;68;0;0;0;0;0;0;70;70;70;70;70;70;0;0;0;0;0;0;98;45;100;100;98;2;2;0;0;0;0;2;2;0;0;0;0
"08125";98;97;94;88;85;78;98;97;96;1;1;0;99;99;99;89;85;78;96;95;90;80;70;59;0;0;0;0;0;0;57;57;57;57;57;57;0;0;0;0;0;0;89;46;97;97;95;2;2;1;1;1;0;1;1;0;0;0;0
"08126";95;94;90;85;83;80;94;94;93;0;0;0;99;98;98;85;83;80;92;88;77;64;56;49;0;0;0;0;0;0;67;67;67;67;67;67;0;0;0;0;0;0;73;39;94;94;93;0;0;0;0;0;0;0;0;0;0;0;0
"08127";95;94;90;84;81;75;93;92;88;0;0;0;99;98;97;84;81;75;94;92;85;74;64;49;0;0;0;0;0;0;61;61;61;61;61;61;0;0;0;0;0;0;77;39;91;91;88;0;0;0;0;0;0;0;0;0;0;0;0
"08128";97;97;94;89;85;76;90;90;88;0;0;0;99;99;98;89;85;76;94;93;87;68;55;40;0;0;0;0;0;0;54;54;54;54;54;54;0;0;0;0;0;0;70;51;89;89;88;0;0;0;0;0;0;0;0;0;0;0;0
"08135";98;98;97;94;90;87;97;94;93;0;0;0;99;99;98;94;90;87;98;97;93;85;69;64;1;1;1;1;1;1;63;63;63;63;62;62;0;0;0;0;0;0;85;41;94;94;93;0;0;0;0;0;0;0;0;0;0;0;0
"08136";97;96;93;89;84;81;96;95;92;0;0;0;99;99;98;89;84;81;96;94;90;83;70;62;1;1;1;1;1;1;59;59;59;59;59;59;0;0;0;0;0;0;83;42;95;95;92;0;0;0;0;0;0;0;0;0;0;0;0
"08211";100;100;99;99;97;94;98;97;85;0;0;0;100;100;100;99;97;94;100;100;99;99;95;91;0;0;0;0;0;0;62;62;62;62;62;62;0;0;0;0;0;0;90;39;97;97;85;0;0;0;0;0;0;0;0;0;0;0;0
"08212";100;100;100;100;97;95;100;100;97;0;0;0;100;100;100;100;97;95;100;100;100;99;91;77;0;0;0;0;0;0;88;88;88;88;88;88;0;0;0;0;0;0;100;46;99;99;97;0;0;0;0;0;0;0;0;0;0;0;0
"08215";99;99;97;90;84;82;99;98;96;7;0;0;100;100;99;92;84;82;96;93;87;74;60;53;0;0;0;0;0;0;69;69;69;69;69;69;0;0;0;0;0;0;93;47;98;98;96;7;7;7;7;0;0;0;0;0;0;0;0
"08216";99;99;97;94;92;89;96;94;91;21;0;0;99;99;99;95;92;89;99;98;96;92;83;78;8;8;8;8;8;8;51;51;51;51;51;51;0;0;0;0;0;0;88;38;93;93;90;21;21;21;21;0;0;0;0;0;0;0;0
"08221";100;100;99;95;87;86;100;100;98;0;0;0;100;100;100;95;87;86;100;100;98;86;18;12;0;0;0;0;0;0;86;86;86;86;86;86;0;0;0;0;0;0;99;46;100;100;98;0;0;0;0;0;0;0;0;0;0;0;0
"08222";100;100;100;99;98;96;100;100;100;0;0;0;100;100;100;99;98;96;100;100;100;98;91;79;0;0;0;0;0;0;92;92;92;92;92;92;91;0;0;0;0;0;100;45;100;100;100;0;0;0;0;0;0;0;0;0;0;0;0
"08225";98;98;98;97;94;75;94;94;90;0;0;0;99;99;99;97;94;75;98;98;98;96;92;71;0;0;0;0;0;0;33;33;33;33;33;33;0;0;0;0;0;0;75;49;94;94;90;2;2;2;0;0;0;0;0;0;0;0;0
"08226";99;98;95;93;91;88;99;98;94;0;0;0;99;99;99;93;91;88;98;97;93;89;78;71;2;2;2;2;2;2;75;75;75;75;75;75;1;0;0;0;0;0;91;45;97;97;94;0;0;0;0;0;0;3;3;2;0;0;0
"08231";100;100;100;99;98;97;100;100;100;87;0;0;100;100;100;100;98;97;99;99;99;98;91;86;1;1;1;1;1;1;87;87;87;87;87;87;0;0;0;0;0;0;99;34;100;100;97;87;87;87;87;0;0;0;0;0;0;0;0
"08235";95;94;86;77;75;72;93;93;90;3;0;0;98;98;96;78;75;72;92;89;78;61;56;50;0;0;0;0;0;0;55;55;55;55;55;55;0;0;0;0;0;0;70;42;93;93;90;3;3;3;3;0;0;0;0;0;0;0;0
"08236";98;96;92;85;79;74;99;98;95;27;0;0;99;99;99;88;79;74;97;93;80;60;47;40;0;0;0;0;0;0;57;57;57;57;57;57;0;0;0;0;0;0;91;51;98;98;93;27;27;27;27;0;0;0;0;0;0;0;0
"08237";93;90;86;80;77;75;91;89;87;0;0;0;97;97;95;80;77;75;90;87;78;68;58;53;0;0;0;0;0;0;52;52;52;52;52;52;0;0;0;0;0;0;74;40;88;88;87;2;2;2;0;0;0;0;0;0;0;0;0
"08311";100;100;100;98;96;91;100;99;98;0;0;0;100;100;100;98;96;91;100;100;100;98;93;77;0;0;0;0;0;0;75;75;75;75;75;75;0;0;0;0;0;0;99;46;99;99;98;0;0;0;0;0;0;0;0;0;0;0;0
"08315";95;94;88;77;69;58;95;91;87;0;0;0;99;99;97;77;69;58;95;94;87;75;64;49;0;0;0;0;0;0;38;38;38;38;38;38;0;0;0;0;0;0;85;46;89;89;87;0;0;0;0;0;0;0;0;0;0;0;0
"08316";98;98;97;95;92;77;97;96;91;0;0;0;99;99;99;95;92;77;98;98;97;95;89;73;0;0;0;0;0;0;34;34;34;34;34;34;0;0;0;0;0;0;87;45;95;95;91;0;0;0;0;0;0;0;0;0;0;0;0
"08317";97;97;95;89;84;77;97;96;92;0;0;0;99;99;98;89;84;77;97;97;92;81;69;59;8;8;8;8;8;8;57;57;57;57;57;57;0;0;0;0;0;0;87;45;96;96;92;0;0;0;0;0;0;0;0;0;0;0;0
"08325";98;98;97;96;94;91;93;92;87;0;0;0;99;99;99;96;94;91;98;97;97;95;91;84;0;0;0;0;0;0;70;70;70;70;70;70;0;0;0;0;0;0;82;58;90;90;87;0;0;0;0;0;0;0;0;0;0;0;0
"08326";96;94;91;84;81;77;96;92;89;0;0;0;99;98;96;84;81;77;95;91;85;72;62;55;0;0;0;0;0;0;66;66;66;66;66;66;0;0;0;0;0;0;87;45;90;90;89;15;15;0;0;0;0;0;0;0;0;0;0
"08327";99;98;96;94;91;89;96;89;84;0;0;0;99;99;98;94;91;89;94;92;85;74;64;55;0;0;0;0;0;0;84;84;84;84;84;84;0;0;0;0;0;0;84;45;89;89;84;0;0;0;0;0;0;0;0;0;0;0;0
"08335";98;97;94;90;83;77;95;92;86;0;0;0;99;99;97;90;83;77;98;96;92;84;55;45;5;5;5;5;5;5;65;65;65;65;65;65;0;0;0;0;0;0;91;49;90;90;86;2;0;0;0;0;0;0;0;0;0;0;0
"08336";94;93;88;81;77;73;95;89;74;0;0;0;98;98;94;81;77;73;94;93;87;78;64;56;11;11;11;11;11;11;57;57;57;57;57;57;0;0;0;0;0;0;85;42;86;86;74;6;6;0;0;0;0;0;0;0;0;0;0
"08337";90;86;75;63;61;59;83;75;64;31;23;23;97;96;92;76;69;68;88;83;69;51;45;42;1;1;1;1;1;1;43;43;43;43;43;43;0;0;0;0;0;0;60;34;55;55;45;34;34;34;31;23;23;0;0;0;0;0;0
"08415";98;98;95;92;89;84;98;96;92;6;0;0;99;99;99;95;89;84;98;97;93;85;80;72;0;0;0;0;0;0;67;67;67;67;67;67;0;0;0;0;0;0;86;40;95;95;91;6;6;6;6;0;0;0;0;0;0;0;0
"08416";99;99;98;95;91;87;98;96;93;0;0;0;100;99;99;95;91;87;99;99;97;89;75;66;0;0;0;0;0;0;68;68;68;68;68;68;0;0;0;0;0;0;90;46;95;95;93;0;0;0;0;0;0;0;0;0;0;0;0
"08417";97;97;92;85;81;74;92;91;88;0;0;0;99;99;98;85;81;74;95;93;85;71;65;55;0;0;0;0;0;0;52;52;52;52;52;52;0;0;0;0;0;0;80;47;91;91;88;0;0;0;0;0;0;0;0;0;0;0;0
"08421";100;99;98;98;95;94;100;100;100;100;0;0;100;100;100;100;95;94;99;98;96;94;73;61;1;1;1;1;1;1;88;88;88;88;88;88;0;0;0;0;0;0;99;43;100;100;99;100;100;100;100;0;0;0;0;0;0;0;0
"08425";96;95;92;87;83;74;96;96;94;37;0;0;99;99;98;92;83;74;94;93;86;77;67;54;0;0;0;0;0;0;51;51;51;51;51;51;0;0;0;0;0;0;77;38;94;94;90;43;37;37;37;0;0;0;0;0;0;0;0
"08426";96;95;91;86;81;74;92;89;85;9;0;0;99;98;97;86;81;74;93;92;86;75;65;55;2;2;2;2;2;2;50;50;50;50;50;50;0;0;0;0;0;0;66;38;88;88;85;29;9;9;9;0;0;0;0;0;0;0;0
"08435";98;96;90;85;83;80;98;95;92;0;0;0;99;99;97;85;83;80;97;95;87;69;64;52;0;0;0;0;0;0;69;69;69;69;69;69;0;0;0;0;0;0;90;48;95;95;92;36;0;0;0;0;0;0;0;0;0;0;0
"08436";95;94;89;82;78;73;96;93;89;4;0;0;99;99;97;83;78;73;94;93;87;74;68;59;0;0;0;0;0;0;56;56;56;56;56;56;0;0;0;0;0;0;77;40;93;93;89;54;4;4;4;0;0;0;0;0;0;0;0
"08437";96;96;93;85;79;68;94;87;79;0;0;0;99;98;97;85;79;68;95;94;90;70;63;49;0;0;0;0;0;0;42;42;42;42;42;42;0;0;0;0;0;0;66;40;87;87;79;34;0;0;0;0;0;0;0;0;0;0;0
"09161";100;100;99;99;97;95;99;99;97;0;0;0;100;100;100;99;97;95;100;100;99;96;72;65;25;25;25;25;25;25;87;87;87;87;87;87;0;0;0;0;0;0;99;32;99;99;97;0;0;0;0;0;0;0;0;0;0;0;0
"09162";100;100;100;100;98;97;100;100;97;0;0;0;100;100;100;100;98;97;100;100;100;100;91;75;43;43;43;43;43;43;90;90;90;90;90;90;0;0;0;0;0;0;100;39;100;100;97;0;0;0;0;0;0;0;0;0;0;0;0
"09163";100;100;100;100;100;100;100;100;99;13;0;0;100;100;100;100;100;100;100;100;100;99;92;87;12;12;12;12;12;12;99;99;99;99;99;99;0;0;0;0;0;0;100;39;100;100;99;14;14;14;13;0;0;0;0;0;0;0;0
"09171";97;96;93;90;88;85;98;98;96;29;29;29;99;99;99;92;91;88;92;90;83;66;53;43;1;1;1;1;1;1;77;77;77;77;77;77;0;0;0;0;0;0;79;46;90;90;88;51;51;51;0;0;0;29;29;29;29;29;29
"09172";96;95;90;84;79;75;97;97;95;68;68;68;99;99;99;94;93;91;95;93;83;69;47;33;1;1;1;1;1;1;68;68;68;68;68;68;0;0;0;0;0;0;83;48;90;90;81;14;14;14;14;13;13;68;68;68;68;68;68
"09173";97;96;95;88;84;77;99;99;95;40;34;0;99;99;99;92;87;77;97;96;94;72;59;48;0;0;0;0;0;0;55;55;55;55;55;55;0;0;0;0;0;0;84;46;97;97;92;41;41;41;40;34;0;0;0;0;0;0;0
"09174";99;99;98;95;91;80;98;98;96;0;0;0;100;100;99;95;91;80;98;97;93;86;77;62;32;32;32;32;32;32;56;56;56;56;56;56;0;0;0;0;0;0;85;46;98;98;96;0;0;0;0;0;0;0;0;0;0;0;0
"09175";99;98;97;94;85;76;99;99;96;0;0;0;99;99;99;94;85;76;99;98;97;91;72;58;2;2;2;2;2;2;45;45;45;45;45;45;0;0;0;0;0;0;92;54;99;99;96;0;0;0;0;0;0;0;0;0;0;0;0
"09176";96;96;93;88;80;72;96;95;92;0;0;0;99;99;99;88;80;72;96;95;90;81;66;53;2;2;2;2;2;2;39;39;39;39;39;39;0;0;0;0;0;0;82;49;95;95;92;0;0;0;0;0;0;0;0;0;0;0;0
"09177";97;97;96;92;89;79;98;98;94;0;0;0;99;99;99;92;89;79;96;96;94;87;80;66;1;1;1;1;1;1;44;44;44;44;44;44;0;0;0;0;0;0;85;47;98;98;94;0;0;0;0;0;0;0;0;0;0;0;0
"09178";98;97;94;93;89;83;98;98;96;0;0;0;99;99;99;93;89;83;97;96;93;88;66;55;24;24;24;24;24;24;57;57;57;57;57;57;0;0;0;0;0;0;90;49;98;98;96;0;0;0;0;0;0;0;0;0;0;0;0
"09179";99;99;99;97;95;91;99;99;97;0;0;0;100;100;100;97;95;91;98;98;97;95;86;75;8;8;8;8;8;8;74;74;74;74;74;74;0;0;0;0;0;0;94;46;99;99;97;0;0;0;0;0;0;0;0;0;0;0;0
"09180";98;98;97;93;88;85;97;97;96;0;0;0;99;99;99;93;88;85;98;97;96;85;77;70;0;0;0;0;0;0;69;69;69;69;69;69;0;0;0;0;0;0;87;45;97;97;96;0;0;0;0;0;0;0;0;0;0;0;0
"09181";98;97;96;88;82;68;94;92;87;0;0;0;99;99;99;88;82;68;97;97;96;85;61;46;1;1;1;1;1;1;32;32;32;32;32;32;0;0;0;0;0;0;73;46;92;92;87;0;0;0;0;0;0;0;0;0;0;0;0
"09182";97;96;93;87;84;78;98;98;96;0;0;0;99;99;99;87;84;78;96;95;87;70;62;50;0;0;0;0;0;0;65;65;65;65;65;65;0;0;0;0;0;0;85;44;98;98;96;3;3;1;0;0;0;0;0;0;0;0;0
"09183";97;97;94;87;83;75;97;96;91;0;0;0;99;99;99;87;83;75;97;96;92;78;72;60;2;2;2;2;2;2;52;52;52;52;52;52;0;0;0;0;0;0;77;41;96;96;91;40;40;40;0;0;0;0;0;0;0;0;0
"09184";99;99;99;98;95;88;99;99;97;0;0;0;100;100;99;98;95;88;99;99;99;98;87;65;1;1;1;1;1;1;76;76;76;76;76;76;0;0;0;0;0;0;98;45;99;99;97;0;0;0;0;0;0;0;0;0;0;0;0
"09185";96;96;94;90;81;73;93;93;88;0;0;0;99;99;98;90;81;73;95;94;91;84;62;52;6;6;6;6;6;6;38;38;38;38;38;38;0;0;0;0;0;0;72;32;93;93;88;0;0;0;0;0;0;0;0;0;0;0;0
"09186";98;98;97;92;85;76;98;98;96;0;0;0;99;99;99;92;85;76;98;97;95;87;74;58;5;5;5;5;5;5;48;48;48;48;48;48;0;0;0;0;0;0;84;46;98;98;96;0;0;0;0;0;0;0;0;0;0;0;0
"09187";98;98;96;91;88;82;97;96;90;0;0;0;99;99;99;91;88;82;97;96;92;82;74;62;5;5;5;5;5;5;59;59;59;59;59;59;0;0;0;0;0;0;81;43;96;96;90;0;0;0;0;0;0;0;0;0;0;0;0
"09188";99;98;98;97;92;84;99;99;94;0;0;0;100;100;100;97;92;84;99;98;98;97;86;70;0;0;0;0;0;0;56;56;56;56;56;56;0;0;0;0;0;0;88;46;99;99;94;0;0;0;0;0;0;0;0;0;0;0;0
"09189";97;97;94;89;86;80;97;97;93;54;54;54;99;99;99;94;93;91;96;95;88;68;51;36;2;2;2;2;2;2;68;68;68;68;68;68;0;0;0;0;0;0;75;49;92;92;87;0;0;0;0;0;0;54;54;54;54;54;54
"09190";98;98;95;91;88;82;96;93;87;0;0;0;99;99;98;91;88;82;98;97;95;89;79;69;5;5;5;5;5;5;54;54;54;54;54;54;0;0;0;0;0;0;80;40;92;92;87;1;1;1;0;0;0;0;0;0;0;0;0
"09261";100;100;100;99;99;97;99;98;92;0;0;0;100;100;100;99;99;97;100;100;100;99;95;88;0;0;0;0;0;0;92;92;92;92;92;92;0;0;0;0;0;0;98;40;96;96;92;0;0;0;0;0;0;0;0;0;0;0;0
"09262";100;100;99;97;94;92;100;99;98;28;28;0;100;100;100;98;96;92;100;99;91;69;30;23;45;45;45;45;45;45;86;86;86;86;86;86;0;0;0;0;0;0;98;35;98;98;97;28;28;28;28;28;0;0;0;0;0;0;0
"09263";100;100;100;99;99;98;100;100;100;100;100;0;100;100;100;100;100;98;100;100;100;99;95;86;19;19;19;19;19;19;88;88;88;88;88;88;0;0;0;0;0;0;99;47;100;100;100;100;100;100;100;100;0;0;0;0;0;0;0
"09271";96;96;94;87;83;70;99;99;99;93;93;0;99;99;99;98;97;70;96;96;93;86;79;63;0;0;0;0;0;0;43;43;43;43;43;43;0;0;0;0;0;0;78;47;97;97;95;93;93;93;93;93;0;0;0;0;0;0;0
"09272";95;95;94;86;79;64;94;94;92;39;37;0;99;99;99;90;85;64;95;95;93;79;68;49;3;3;3;3;3;3;16;16;16;16;16;16;0;0;0;0;0;0;62;43;91;91;88;41;41;41;39;37;0;0;0;0;0;0;0
"09273";98;97;96;92;88;77;96;96;93;0;0;0;99;99;99;92;88;77;98;97;94;77;68;55;2;2;2;2;2;2;42;42;42;42;42;42;0;0;0;0;0;0;81;47;96;96;93;0;0;0;0;0;0;0;0;0;0;0;0
"09274";96;95;92;86;79;69;91;90;87;3;3;0;99;99;98;86;79;69;94;93;87;71;59;46;8;8;8;8;8;8;42;42;42;42;42;42;0;0;0;0;0;0;64;37;90;90;87;3;3;3;3;3;0;0;0;0;0;0;0
"09275";96;96;94;84;76;59;92;91;88;29;29;0;99;99;99;88;82;59;96;96;94;81;70;48;3;3;3;3;3;3;23;23;23;23;23;23;0;0;0;0;0;0;61;40;88;88;84;35;35;35;29;29;0;0;0;0;0;0;0
"09276";95;95;93;88;82;69;96;95;91;16;16;0;99;99;99;90;86;69;95;95;93;82;70;55;1;1;1;1;1;1;28;28;28;28;28;28;0;0;0;0;0;0;75;54;91;91;90;16;16;16;16;16;0;0;0;0;0;0;0
"09277";95;95;90;81;75;61;90;88;85;12;12;0;99;99;98;82;78;61;95;94;87;63;57;41;2;2;2;2;2;2;34;34;34;34;34;34;0;0;0;0;0;0;66;40;87;87;84;12;12;12;12;12;0;0;0;0;0;0;0
"09278";96;95;93;87;81;66;97;97;95;71;71;0;99;99;99;94;93;66;95;95;92;83;77;61;1;1;1;1;1;1;7;7;7;7;7;7;0;0;0;0;0;0;65;48;93;93;89;71;71;71;71;71;0;0;0;0;0;0;0
"09279";96;96;92;87;83;73;96;96;96;63;62;0;99;99;99;93;90;73;96;96;91;82;78;67;1;1;1;1;1;1;33;33;33;33;33;33;0;0;0;0;0;0;75;48;93;93;91;63;63;63;63;62;0;0;0;0;0;0;0
"09361";100;100;100;99;98;98;100;100;100;1;0;0;100;100;100;99;98;98;100;100;99;85;63;57;53;53;53;53;53;53;87;87;87;87;87;87;0;0;0;0;0;0;99;39;100;100;100;2;1;1;1;0;0;0;0;0;0;0;0
"09362";100;100;100;100;99;98;100;100;100;94;85;83;100;100;100;100;100;100;100;100;100;99;92;77;23;23;23;23;23;23;93;93;93;93;93;93;0;0;0;0;0;0;99;41;100;100;99;94;94;94;94;85;83;87;87;87;0;0;0
"09363";100;100;100;100;99;99;100;100;99;0;0;0;100;100;100;100;99;99;100;100;100;99;95;90;0;0;0;0;0;0;95;95;95;95;95;95;0;0;0;0;0;0;100;46;100;100;99;0;0;0;0;0;0;0;0;0;0;0;0
"09371";95;94;91;86;85;79;95;95;94;18;0;0;99;99;99;88;85;79;93;91;85;76;73;64;1;1;1;1;1;1;52;52;52;52;52;52;0;0;0;0;0;0;75;47;94;94;92;21;21;21;18;0;0;1;1;0;0;0;0
"09372";95;94;92;83;76;53;93;92;84;43;43;0;99;99;98;91;86;53;95;94;92;81;73;47;1;1;1;1;1;1;11;11;11;11;11;11;0;0;0;0;0;0;77;51;81;81;76;43;43;43;43;43;0;0;0;0;0;0;0
"09373";98;98;97;94;91;81;96;96;94;5;3;3;99;99;99;94;91;81;98;98;97;93;88;78;1;1;1;1;1;1;31;31;31;31;31;31;0;0;0;0;0;0;82;49;95;95;94;5;5;5;5;3;3;0;0;0;0;0;0
"09374";98;98;97;93;92;86;96;95;91;0;0;0;99;99;99;93;92;86;98;98;95;80;73;63;2;2;2;2;2;2;55;55;55;55;55;55;0;0;0;0;0;0;80;59;93;93;91;1;1;1;0;0;0;0;0;0;0;0;0
"09375";98;97;96;92;89;83;98;98;97;41;32;18;99;99;99;93;91;84;97;96;93;87;80;64;8;8;8;8;8;8;52;52;52;52;52;52;0;0;0;0;0;0;87;54;96;96;95;41;41;41;41;32;18;25;25;25;0;0;0
"09376";97;96;95;88;83;67;97;97;93;2;2;0;99;99;99;88;83;67;96;96;93;84;78;58;2;2;2;2;2;2;24;24;24;24;24;24;0;0;0;0;0;0;86;51;96;96;93;2;2;2;2;2;0;0;0;0;0;0;0
"09377";97;97;96;92;90;83;93;93;90;0;0;0;99;99;99;92;90;83;97;96;92;78;72;61;1;1;1;1;1;1;56;56;56;56;56;56;0;0;0;0;0;0;74;58;92;92;90;0;0;0;0;0;0;0;0;0;0;0;0
"09461";100;100;100;100;99;98;100;100;99;0;0;0;100;100;100;100;99;98;100;100;100;99;91;76;37;37;37;37;37;37;95;95;95;95;95;95;0;0;0;0;0;0;100;40;100;100;99;0;0;0;0;0;0;0;0;0;0;0;0
"09462";100;100;100;100;99;98;100;100;99;0;0;0;100;100;100;100;99;98;100;100;100;99;93;87;0;0;0;0;0;0;93;93;93;93;93;93;0;0;0;0;0;0;99;43;100;100;99;0;0;0;0;0;0;0;0;0;0;0;0
"09463";100;100;100;100;97;96;100;100;97;0;0;0;100;100;100;100;97;96;100;99;99;98;94;89;22;22;22;22;22;22;93;93;93;93;75;75;0;0;0;0;0;0;99;48;100;100;97;0;0;0;0;0;0;0;0;0;0;0;0
"09464";100;100;100;99;99;98;100;100;98;0;0;0;100;100;100;99;99;98;100;100;100;98;84;79;48;48;48;48;48;48;97;97;97;97;97;97;0;0;0;0;0;0;97;43;100;100;98;0;0;0;0;0;0;0;0;0;0;0;0
"09471";98;98;97;94;90;72;97;97;94;0;0;0;99;99;99;94;90;72;98;98;96;92;83;58;4;4;4;4;4;4;32;32;32;32;32;32;0;0;0;0;0;0;81;53;97;97;94;0;0;0;0;0;0;1;1;0;0;0;0
"09472";95;94;92;89;86;78;96;95;93;0;0;0;99;99;99;89;86;78;95;94;90;81;75;64;1;1;1;1;1;1;38;38;38;38;38;38;0;0;0;0;0;0;79;54;95;95;93;0;0;0;0;0;0;0;0;0;0;0;0
"09473";98;98;98;97;89;83;97;97;94;0;0;0;99;99;99;97;89;83;97;96;94;91;72;58;14;14;14;14;14;14;57;57;57;57;49;49;0;0;0;0;0;0;87;51;97;97;94;0;0;0;0;0;0;0;0;0;0;0;0
"09474";99;98;98;96;90;77;97;97;96;0;0;0;99;99;99;96;90;77;99;98;97;94;84;67;0;0;0;0;0;0;42;42;42;42;42;42;0;0;0;0;0;0;84;53;97;97;96;0;0;0;0;0;0;0;0;0;0;0;0
"09475";96;96;94;89;85;72;98;97;95;0;0;0;99;99;99;90;85;72;94;91;87;71;61;40;3;3;3;3;3;3;48;48;48;48;48;48;0;0;0;0;0;0;80;51;97;97;95;0;0;0;0;0;0;0;0;0;0;0;0
"09476";98;98;97;91;88;75;93;93;88;0;0;0;99;99;99;91;88;75;96;95;91;82;78;62;5;5;5;5;5;5;45;45;45;41;41;41;0;0;0;0;0;0;76;55;90;90;88;0;0;0;0;0;0;0;0;0;0;0;0
"09477";98;98;97;96;94;86;96;96;94;0;0;0;99;99;99;96;94;86;97;96;93;88;83;71;1;1;1;1;1;1;59;59;59;59;59;59;0;0;0;0;0;0;84;55;96;96;94;0;0;0;0;0;0;0;0;0;0;0;0
"09478";98;98;98;96;91;83;97;97;94;0;0;0;99;99;99;96;91;83;98;97;96;90;79;67;11;11;11;11;11;11;50;50;50;50;50;50;0;0;0;0;0;0;83;51;97;97;94;0;0;0;0;0;0;0;0;0;0;0;0
"09479";98;98;97;95;93;89;99;99;96;0;0;0;99;99;99;95;93;89;97;97;94;86;80;67;1;1;1;1;1;1;59;59;59;59;59;59;0;0;0;0;0;0;91;56;98;98;96;1;1;1;0;0;0;0;0;0;0;0;0
"09561";99;99;96;93;91;90;100;100;99;0;0;0;100;100;100;93;91;90;99;99;95;91;86;80;0;0;0;0;0;0;81;81;81;81;81;81;0;0;0;0;0;0;98;43;100;100;99;0;0;0;0;0;0;0;0;0;0;0;0
"09562";100;100;100;99;98;96;100;100;100;0;0;0;100;100;100;99;98;96;100;100;100;99;93;87;29;29;29;29;29;29;78;78;78;78;78;78;0;0;0;0;0;0;100;44;100;100;100;0;0;0;0;0;0;0;0;0;0;0;0
"09563";100;100;100;100;97;91;100;100;100;20;7;7;100;100;100;100;97;92;100;100;100;100;91;77;1;1;1;1;1;1;64;64;64;64;64;64;0;0;0;0;0;0;99;41;100;100;99;27;27;27;20;7;7;0;0;0;0;0;0
"09564";100;100;100;99;97;93;100;100;100;6;4;4;100;100;100;99;97;94;100;100;100;99;89;72;0;0;0;0;0;0;86;86;86;86;86;86;0;0;0;0;0;0;100;39;100;100;100;6;6;6;6;4;4;0;0;0;0;0;0
"09565";100;100;99;98;96;93;100;100;100;82;82;82;100;100;100;99;99;98;100;100;99;97;91;85;0;0;0;0;0;0;63;63;63;63;63;63;0;0;0;0;0;0;100;46;100;100;99;83;83;83;82;82;82;0;0;0;0;0;0
"09571";97;97;95;89;83;75;95;94;91;0;0;0;99;99;99;89;83;75;95;94;91;76;66;52;5;5;5;5;5;5;48;48;48;48;48;48;0;0;0;0;0;0;80;53;93;93;91;0;0;0;0;0;0;0;0;0;0;0;0
"09572";99;99;99;97;95;84;99;99;97;0;0;0;99;99;99;97;95;84;99;99;98;94;78;61;0;0;0;0;0;0;47;47;47;47;47;47;0;0;0;0;0;0;94;55;99;99;97;0;0;0;0;0;0;0;0;0;0;0;0
"09573";99;99;99;96;91;78;99;99;97;0;0;0;99;99;99;96;91;79;99;99;99;95;86;70;0;0;0;0;0;0;46;46;46;46;46;46;0;0;0;0;0;0;94;53;99;99;97;0;0;0;0;0;0;0;0;0;0;0;0
"09574";98;98;96;93;89;83;98;98;97;11;5;5;99;99;99;94;89;84;98;98;96;90;79;71;3;3;3;3;3;3;47;47;47;47;47;47;0;0;0;0;0;0;89;49;98;98;97;16;16;16;11;5;5;0;0;0;0;0;0
"09575";97;97;95;90;83;71;94;93;86;0;0;0;99;99;99;90;83;71;97;96;92;76;65;49;2;2;2;2;2;2;42;42;42;42;42;42;0;0;0;0;0;0;72;47;92;92;86;0;0;0;0;0;0;0;0;0;0;0;0
"09576";98;97;96;90;81;73;99;99;97;22;9;9;99;99;99;92;83;76;97;96;95;84;69;56;2;2;2;2;2;2;41;41;41;41;41;41;0;0;0;0;0;0;92;55;98;98;95;40;40;40;22;9;9;0;0;0;0;0;0
"09577";96;96;94;92;89;84;93;93;87;6;4;4;99;99;99;95;92;88;96;95;93;84;74;65;4;4;4;4;4;4;53;53;53;53;53;53;0;0;0;0;0;0;76;44;91;91;85;6;6;6;6;4;4;0;0;0;0;0;0
"09661";100;100;100;99;99;97;100;100;100;84;0;0;100;100;100;100;99;97;100;100;100;96;67;61;66;66;66;66;66;66;91;91;91;91;91;91;0;0;0;0;0;0;100;36;100;100;100;84;84;84;84;0;0;0;0;0;0;0;0
"09662";100;100;100;99;98;91;100;100;100;0;0;0;100;100;100;99;98;91;100;100;100;98;87;80;13;13;13;13;13;13;94;94;94;94;94;68;0;0;0;0;0;0;100;46;100;100;100;0;0;0;0;0;0;0;0;0;0;0;0
"09663";100;100;100;99;97;94;100;100;97;0;0;0;100;100;100;99;97;94;100;100;100;99;93;76;1;1;1;1;1;1;87;87;87;87;87;87;0;0;0;0;0;0;100;40;100;100;97;0;0;0;0;0;0;0;0;0;0;0;0
"09671";99;99;99;97;91;77;99;99;99;33;0;0;99;99;99;98;91;77;99;99;99;95;87;70;4;4;4;4;4;4;34;34;34;34;33;33;0;0;0;0;0;0;92;55;98;98;96;36;36;36;33;0;0;0;0;0;0;0;0
"09672";97;97;96;92;88;80;93;93;90;0;0;0;99;99;99;92;88;80;93;91;87;81;72;56;0;0;0;0;0;0;59;59;59;59;59;59;0;0;0;0;0;0;82;56;92;92;90;0;0;0;0;0;0;0;0;0;0;0;0
"09673";98;98;98;95;89;72;91;90;89;11;0;0;99;99;99;96;89;72;98;98;97;94;84;61;2;2;2;2;2;2;34;34;34;34;34;34;0;0;0;0;0;0;67;39;87;87;85;11;11;11;11;0;0;0;0;0;0;0;0
"09674";98;98;97;95;92;79;92;92;90;47;0;0;99;99;99;96;92;79;98;98;96;89;81;64;4;4;4;4;4;4;38;38;38;38;38;38;18;0;0;0;0;0;72;46;91;91;87;48;48;48;47;0;0;0;0;0;0;0;0
"09675";98;97;97;95;93;84;97;96;94;20;0;0;99;99;99;97;93;84;97;96;94;91;88;75;1;1;1;1;1;1;41;41;41;41;41;41;0;0;0;0;0;0;87;49;95;95;93;20;20;20;20;0;0;0;0;0;0;0;0
"09676";99;99;98;98;95;82;97;96;93;9;0;0;99;99;99;98;95;82;99;99;98;95;89;67;0;0;0;0;0;0;60;60;60;60;56;56;0;0;0;0;0;0;92;58;96;96;93;9;9;9;9;0;0;0;0;0;0;0;0
"09677";99;99;98;96;91;77;96;96;94;0;0;0;99;99;99;96;91;77;98;98;98;94;87;69;1;1;1;1;1;1;35;35;35;35;31;31;0;0;0;0;0;0;82;56;96;96;94;0;0;0;0;0;0;0;0;0;0;0;0
"09678";99;99;98;97;93;80;95;95;93;31;0;0;99;99;99;98;93;80;99;99;95;90;81;56;1;1;1;1;1;1;58;58;58;58;58;58;0;0;0;0;0;0;79;44;92;92;89;27;27;27;27;0;0;10;10;10;10;0;0
"09679";99;99;99;97;91;77;97;96;92;0;0;0;99;99;99;97;91;77;99;99;98;95;87;68;0;0;0;0;0;0;47;47;47;47;40;40;0;0;0;0;0;0;89;57;96;96;92;0;0;0;0;0;0;0;0;0;0;0;0
"09761";100;100;100;99;97;96;100;100;93;0;0;0;100;100;100;99;97;96;100;100;100;98;89;84;8;8;8;8;8;8;82;82;82;82;82;82;0;0;0;0;0;0;99;36;100;100;93;0;0;0;0;0;0;0;0;0;0;0;0
"09762";100;100;100;100;99;99;100;99;96;0;0;0;100;100;100;100;99;99;100;100;100;99;95;90;1;1;1;1;1;1;96;96;96;96;96;96;0;0;0;0;0;0;99;49;98;98;96;0;0;0;0;0;0;0;0;0;0;0;0
"09763";100;100;100;99;98;98;100;99;97;28;0;0;100;100;100;99;98;98;100;100;100;92;36;33;85;85;85;85;85;85;93;93;93;93;93;93;0;0;0;0;0;0;97;37;99;99;96;28;28;28;28;0;0;0;0;0;0;0;0
"09764";99;99;99;98;95;94;99;99;96;52;0;0;100;100;100;99;95;94;99;99;99;97;68;63;0;0;0;0;0;0;88;88;88;88;88;88;0;0;0;0;0;0;94;30;98;98;95;52;52;52;52;0;0;0;0;0;0;0;0
"09771";97;97;95;91;87;78;95;94;86;0;0;0;99;99;98;91;87;78;97;97;95;89;81;69;2;2;2;2;2;2;46;46;46;46;46;46;0;0;0;0;0;0;77;41;94;94;86;0;0;0;0;0;0;0;0;0;0;0;0
"09772";99;99;98;96;93;86;96;95;90;0;0;0;99;99;99;96;93;86;99;99;97;94;88;78;0;0;0;0;0;0;56;56;56;56;56;56;0;0;0;0;0;0;83;41;95;95;90;0;0;0;0;0;0;0;0;0;0;0;0
"09773";98;98;97;93;88;73;95;95;92;0;0;0;99;99;99;93;88;73;98;98;96;89;82;66;0;0;0;0;0;0;39;39;39;39;39;39;0;0;0;0;0;0;73;45;95;95;92;0;0;0;0;0;0;0;0;0;0;0;0
"09774";98;98;97;95;91;81;95;95;92;15;0;0;99;99;99;95;91;81;98;97;96;88;81;69;2;2;2;2;2;2;40;40;40;40;40;40;0;0;0;0;0;0;77;43;95;95;92;15;15;15;15;0;0;0;0;0;0;0;0
"09775";99;99;97;92;87;83;98;98;98;89;0;0;100;100;99;99;87;83;98;98;94;77;54;43;0;0;0;0;0;0;71;71;71;71;71;71;0;0;0;0;0;0;87;36;97;97;95;89;89;89;89;0;0;0;0;0;0;0;0
"09776";96;95;90;83;77;74;98;97;91;0;0;0;99;99;98;83;77;74;96;95;88;80;69;62;7;7;7;7;7;7;48;48;48;48;48;48;0;0;0;0;0;0;82;41;96;96;91;23;0;0;0;0;0;0;0;0;0;0;0
"09777";98;97;94;86;82;75;95;94;84;18;0;0;99;99;99;88;82;75;98;97;92;76;64;49;2;2;2;2;2;2;52;52;52;52;52;52;0;0;0;0;0;0;69;46;92;92;82;18;18;18;18;0;0;0;0;0;0;0;0
"09778";95;94;87;78;73;64;94;93;85;25;0;0;99;99;98;86;73;64;95;93;85;72;58;45;2;2;2;2;2;2;40;40;40;40;40;40;0;0;0;0;0;0;68;45;90;90;83;25;25;25;25;0;0;0;0;0;0;0;0
"09779";97;96;94;89;85;74;92;91;86;2;0;0;99;99;98;89;85;74;97;96;93;82;73;59;2;2;2;2;2;2;47;47;47;47;47;47;0;0;0;0;0;0;68;38;91;91;86;2;2;2;2;0;0;0;0;0;0;0;0
"09780";96;96;92;88;84;79;96;95;92;34;0;0;99;99;99;91;84;79;96;95;90;75;60;48;1;1;1;1;1;1;64;64;64;64;64;64;0;0;0;0;0;0;80;45;95;95;91;34;34;34;34;0;0;4;4;4;0;0;0
"10041";99;99;98;93;82;79;98;95;91;1;0;0;99;99;99;93;82;79;99;99;96;87;64;54;3;3;3;3;3;3;67;67;67;67;67;67;0;0;0;0;0;0;96;44;93;93;91;1;1;1;1;0;0;0;0;0;0;0;0
"10042";98;98;97;90;85;65;88;86;85;0;0;0;99;99;99;90;85;65;97;96;95;88;80;56;1;1;1;1;1;1;32;32;32;32;32;32;0;0;0;0;0;0;78;51;86;86;85;0;0;0;0;0;0;0;0;0;0;0;0
"10043";99;99;98;94;84;81;99;99;98;1;0;0;100;100;100;94;84;81;97;94;88;74;45;39;1;1;1;1;1;1;70;70;70;70;70;70;0;0;0;0;0;0;90;50;99;99;98;1;1;1;1;0;0;0;0;0;0;0;0
"10044";99;99;97;95;90;84;96;94;90;2;0;0;99;99;98;95;90;84;99;98;96;90;83;73;3;3;3;3;3;3;61;61;61;61;61;61;0;0;0;0;0;0;92;48;92;92;90;2;2;2;2;0;0;0;0;0;0;0;0
"10045";99;98;98;95;92;91;97;97;96;1;0;0;99;99;99;95;92;91;95;91;84;68;45;40;2;2;2;2;2;2;83;83;83;83;83;83;0;0;0;0;0;0;91;45;97;97;96;1;1;1;1;0;0;0;0;0;0;0;0
"10046";97;97;95;91;82;66;96;96;95;0;0;0;100;99;99;91;82;66;95;94;89;81;57;36;0;0;0;0;0;0;38;38;38;38;38;38;0;0;0;0;0;0;85;57;96;96;95;0;0;0;0;0;0;0;0;0;0;0;0
"11000";100;100;100;99;96;94;100;100;100;0;0;0;100;100;100;99;96;94;100;100;99;98;87;69;1;1;1;1;1;1;89;89;89;89;89;89;0;0;0;0;0;0;100;45;100;100;100;0;0;0;0;0;0;0;0;0;0;0;0
"12051";98;97;93;82;76;74;100;99;99;2;0;0;100;100;99;84;76;74;97;96;86;67;51;48;0;0;0;0;0;0;63;63;63;63;63;63;0;0;0;0;0;0;98;46;99;99;98;2;2;2;2;0;0;0;0;0;0;0;0
"12052";100;100;100;99;97;96;100;100;100;8;0;0;100;100;100;99;97;96;100;100;99;98;88;81;0;0;0;0;0;0;89;89;89;86;86;86;0;0;0;0;0;0;99;47;100;100;100;8;8;8;8;0;0;0;0;0;0;0;0
"12053";99;99;95;89;79;78;100;93;74;0;0;0;100;100;98;89;79;78;99;98;87;64;18;14;0;0;0;0;0;0;77;77;77;77;77;77;0;0;0;0;0;0;99;50;89;89;74;0;0;0;0;0;0;0;0;0;0;0;0
"12054";100;100;100;99;97;95;100;100;100;0;0;0;100;100;100;99;97;95;100;100;100;96;86;69;28;28;28;28;28;28;81;81;81;81;81;81;0;0;0;0;0;0;100;54;100;100;100;0;0;0;0;0;0;0;0;0;0;0;0
"12060";94;94;93;89;81;67;98;97;96;2;0;0;99;99;99;91;81;67;94;94;92;85;70;52;1;1;1;1;1;1;35;35;35;35;35;28;0;0;0;0;0;0;92;47;97;97;96;2;2;2;2;0;0;2;2;1;0;0;0
"12061";95;94;91;85;78;68;98;98;96;1;0;0;99;99;99;86;78;68;95;93;90;83;74;60;3;3;3;3;3;3;30;30;30;30;30;30;0;0;0;0;0;0;80;45;98;98;95;1;1;1;1;0;0;0;0;0;0;0;0
"12062";94;93;90;81;68;38;96;95;94;39;0;0;99;99;99;89;68;38;93;91;88;77;64;32;12;12;12;12;12;12;5;5;5;5;5;5;0;0;0;0;0;0;71;38;92;92;89;22;22;21;16;0;0;29;29;29;22;0;0
"12063";97;96;94;89;82;74;98;98;96;1;0;0;99;99;99;90;82;74;97;96;94;87;77;63;8;8;8;8;8;8;49;49;49;49;49;49;0;0;0;0;0;0;89;50;98;98;96;1;1;1;1;0;0;0;0;0;0;0;0
"12064";94;93;89;84;74;64;96;95;92;3;0;0;99;99;97;85;74;64;94;93;88;82;72;60;0;0;0;0;0;0;19;19;19;19;19;19;0;0;0;0;0;0;78;37;93;93;91;3;3;3;3;0;0;6;6;6;0;0;0
"12065";98;98;97;92;85;72;99;99;97;0;0;0;100;100;99;92;85;72;98;98;96;89;77;57;5;5;5;5;5;5;42;42;42;42;41;41;0;0;0;0;0;0;90;55;98;98;97;15;15;15;0;0;0;0;0;0;0;0;0
"12066";97;96;94;88;81;68;98;97;96;5;0;0;99;99;99;90;81;68;96;95;92;73;59;42;5;5;5;5;5;5;59;59;59;59;53;53;0;0;0;0;0;0;87;55;96;96;94;19;19;19;5;0;0;3;3;3;0;0;0
"12067";95;95;93;88;80;68;96;95;91;21;0;0;99;99;99;90;80;68;92;91;89;84;73;58;2;2;2;2;2;2;40;40;40;40;40;40;0;0;0;0;0;0;80;44;95;95;91;21;21;21;21;0;0;2;2;2;0;0;0
"12068";96;95;95;90;78;63;95;95;93;0;0;0;99;99;99;90;78;63;96;95;95;89;73;51;0;0;0;0;0;0;35;35;35;35;35;35;0;0;0;0;0;0;74;46;95;95;93;0;0;0;0;0;0;0;0;0;0;0;0
"12069";98;97;95;90;82;70;97;97;95;2;0;0;99;99;99;90;82;70;98;97;95;89;79;66;0;0;0;0;0;0;32;32;32;32;32;32;0;0;0;0;0;0;86;49;97;97;95;2;2;2;2;0;0;2;2;2;0;0;0
"12070";95;95;94;89;78;60;96;96;95;0;0;0;99;99;99;90;78;60;95;95;94;88;76;52;1;1;1;1;1;1;31;31;31;31;31;31;0;0;0;0;0;0;74;41;96;96;95;2;2;2;0;0;0;0;0;0;0;0;0
"12071";94;92;86;77;63;54;96;90;86;8;0;0;99;99;98;84;63;54;93;91;82;69;53;42;0;0;0;0;0;0;39;39;39;39;39;39;0;0;0;0;0;0;77;45;87;87;84;20;20;20;3;0;0;5;5;5;5;0;0
"12072";98;98;98;95;87;71;97;97;96;0;0;0;99;99;99;95;87;71;98;97;97;92;81;63;4;4;4;4;4;4;29;29;29;29;29;29;0;0;0;0;0;0;84;47;97;97;96;0;0;0;0;0;0;0;0;0;0;0;0
"12073";95;95;93;86;77;63;92;92;89;0;0;0;99;99;99;86;77;63;95;95;93;82;62;45;0;0;0;0;0;0;35;35;35;35;35;35;0;0;0;0;0;0;71;43;92;92;89;0;0;0;0;0;0;0;0;0;0;0;0
"13003";100;100;100;99;98;96;100;100;100;0;0;0;100;100;100;99;98;96;100;100;100;99;93;83;0;0;0;0;0;0;89;89;89;89;89;89;0;0;0;0;0;0;100;48;100;100;99;0;0;0;0;0;0;37;37;37;0;0;0
"13004";100;100;100;99;98;96;100;100;98;0;0;0;100;100;100;99;98;96;100;100;99;98;92;85;6;6;6;6;6;6;87;87;87;87;87;87;0;0;0;0;0;0;99;42;100;100;98;0;0;0;0;0;0;0;0;0;0;0;0
"13071";92;91;85;76;70;66;96;96;92;7;0;0;99;99;97;79;70;66;91;90;84;68;56;49;2;2;2;2;2;2;53;53;53;53;52;51;0;0;0;0;0;0;77;43;95;95;92;0;0;0;0;0;0;8;8;7;7;0;0
"13072";91;90;83;66;54;46;96;96;94;1;0;0;99;99;98;67;54;46;91;90;82;60;38;29;0;0;0;0;0;0;25;25;25;25;25;25;0;0;0;0;0;0;79;45;96;96;93;1;0;0;0;0;0;13;13;11;1;0;0
"13073";94;93;86;73;67;64;97;96;95;0;0;0;99;99;98;74;67;64;93;92;84;63;54;48;11;11;11;11;11;11;55;55;55;55;55;55;0;0;0;0;0;0;86;47;96;96;95;0;0;0;0;0;0;1;1;1;0;0;0
"13074";89;88;79;66;60;53;97;97;92;1;0;0;99;99;98;66;60;53;87;86;76;60;53;44;2;2;2;2;2;2;34;34;34;34;34;34;0;0;0;0;0;0;81;38;96;96;92;6;3;3;1;0;0;0;0;0;0;0;0
"13075";94;93;88;77;70;64;95;95;92;0;0;0;99;99;97;77;70;64;93;92;86;66;55;44;18;18;18;18;18;18;54;54;54;54;53;53;0;0;0;0;0;0;82;49;94;94;92;0;0;0;0;0;0;0;0;0;0;0;0
"13076";88;87;82;68;64;59;96;96;93;1;0;0;99;99;98;68;64;59;83;82;74;57;48;41;13;13;13;13;13;13;26;26;26;26;26;26;0;0;0;0;0;0;72;40;95;95;93;3;2;1;0;0;0;2;2;1;1;0;0
"14511";99;99;96;90;81;80;100;100;99;1;0;0;100;100;100;90;81;80;98;96;88;69;34;29;36;36;36;36;36;36;68;68;68;68;68;68;0;0;0;0;0;0;99;38;100;100;99;1;1;1;1;0;0;0;0;0;0;0;0
"14521";92;91;83;70;64;59;97;94;91;1;0;0;99;99;98;70;64;59;87;85;74;52;39;34;10;10;10;10;10;10;42;42;42;41;39;37;0;0;0;0;0;0;88;41;93;93;91;1;1;1;1;0;0;0;0;0;0;0;0
"14522";90;88;82;65;53;47;99;98;96;7;0;0;99;99;99;68;53;47;87;85;76;52;34;26;0;0;0;0;0;0;29;29;29;27;27;27;0;0;0;0;0;0;86;37;98;98;95;10;10;9;3;0;0;8;8;8;4;0;0
"14523";92;92;89;76;64;57;98;98;96;2;2;1;99;99;99;78;65;58;92;92;89;72;53;43;0;0;0;0;0;0;36;36;36;36;36;36;0;0;0;0;0;0;86;40;98;98;96;2;2;2;2;2;1;0;0;0;0;0;0
"14524";96;95;92;83;73;67;99;99;97;3;0;0;99;99;99;84;73;67;96;95;89;76;59;51;6;6;6;6;6;6;38;38;38;38;38;38;0;0;0;0;0;0;94;40;99;99;96;6;6;6;3;0;0;0;0;0;0;0;0
"14612";99;99;99;98;96;92;100;100;99;41;5;5;100;100;100;99;96;92;94;94;93;91;86;74;11;11;11;11;10;10;75;75;75;75;75;75;0;0;0;0;0;0;99;41;100;100;98;38;38;34;34;5;5;7;7;7;7;0;0
"14625";96;95;91;80;72;61;98;98;96;5;0;0;99;99;99;81;72;61;96;95;90;75;62;48;2;2;2;2;2;2;34;34;34;34;30;30;0;0;0;0;0;0;80;32;98;98;95;6;6;6;5;0;0;0;0;0;0;0;0
"14626";91;90;83;72;68;60;95;86;74;7;6;0;99;99;97;74;69;60;87;86;78;61;55;45;3;3;3;3;3;3;36;36;36;36;35;35;0;0;0;0;0;0;79;35;82;82;73;9;9;8;7;6;0;0;0;0;0;0;0
"14627";88;86;80;75;72;67;99;99;99;70;0;0;99;99;99;91;72;67;87;84;77;68;58;52;1;1;1;1;1;1;36;36;36;36;36;36;0;0;0;0;0;0;89;42;98;98;95;23;23;22;20;0;0;92;92;92;68;0;0
"14628";92;91;85;76;69;59;96;96;93;36;2;0;99;99;98;80;70;59;92;90;83;72;62;50;12;12;12;12;12;12;25;25;25;25;24;24;0;0;0;0;0;0;74;34;95;95;91;37;37;36;36;2;0;2;2;2;0;0;0
"14713";100;100;99;99;97;94;100;100;99;27;0;0;100;100;100;99;97;94;100;99;98;97;93;85;7;7;7;7;7;7;82;82;82;82;82;82;0;0;0;0;0;0;100;50;100;100;99;0;0;0;0;0;0;39;39;39;27;0;0
"14729";92;89;82;65;60;54;99;99;97;17;3;0;99;99;99;69;60;54;91;89;80;60;50;43;2;2;2;2;2;2;25;25;25;25;25;25;0;0;0;0;0;0;86;43;98;98;95;20;20;15;7;3;0;34;34;34;12;0;0
"14730";92;90;85;72;63;56;97;97;95;12;0;0;99;99;98;76;63;56;91;89;83;69;57;48;8;8;8;8;8;8;27;27;27;27;26;26;0;0;0;0;0;0;77;41;95;95;93;2;2;1;0;0;0;48;48;48;12;0;0
"15001";99;97;95;92;81;80;100;100;99;0;0;0;100;100;100;92;81;80;99;97;94;89;71;68;0;0;0;0;0;0;66;66;66;66;66;66;0;0;0;0;0;0;99;43;100;100;99;0;0;0;0;0;0;3;3;3;0;0;0
"15002";98;97;92;86;76;75;100;100;100;53;0;0;100;100;100;96;76;75;94;88;75;58;29;26;30;30;30;30;30;30;62;62;62;62;62;62;0;0;0;0;0;0;100;45;100;100;100;0;0;0;0;0;0;53;53;53;53;0;0
"15003";99;99;99;96;89;85;100;100;99;0;0;0;100;100;100;96;89;85;99;99;98;93;73;63;15;15;15;15;15;15;50;50;50;50;50;50;0;0;0;0;0;0;99;43;100;100;99;0;0;0;0;0;0;0;0;0;0;0;0
"15081";86;85;80;68;64;61;95;95;93;0;0;0;99;98;97;68;64;61;86;85;80;65;60;56;0;0;0;0;0;0;30;30;30;30;30;30;0;0;0;0;0;0;65;32;95;95;93;4;4;0;0;0;0;4;4;0;0;0;0
"15082";89;87;73;52;48;45;99;99;98;33;0;0;99;99;99;70;48;45;89;87;69;38;31;25;0;0;0;0;0;0;32;32;32;32;32;32;0;0;0;0;0;0;86;38;98;98;96;4;4;2;0;0;0;36;36;36;32;0;0
"15083";88;87;74;55;50;37;96;96;93;0;0;0;99;99;98;55;50;37;88;86;73;51;46;32;0;0;0;0;0;0;12;12;12;12;12;12;0;0;0;0;0;0;77;36;95;95;93;1;1;0;0;0;0;0;0;0;0;0;0
"15084";91;90;81;62;55;50;98;98;96;14;0;0;99;99;98;66;55;50;90;89;78;56;46;39;0;0;0;0;0;0;33;33;33;33;33;33;0;0;0;0;0;0;81;33;98;98;95;0;0;0;0;0;0;23;23;23;14;0;0
"15085";97;96;92;80;74;63;97;97;95;37;0;0;99;99;99;82;74;63;97;96;92;79;72;56;0;0;0;0;0;0;38;38;38;38;38;38;0;0;0;0;0;0;77;38;96;96;94;37;37;37;37;0;0;0;0;0;0;0;0
"15086";84;82;71;52;43;31;98;97;94;5;0;0;99;99;98;56;43;31;84;82;70;47;36;23;0;0;0;0;0;0;16;16;16;16;16;16;0;0;0;0;0;0;78;38;96;96;93;3;3;2;0;0;0;7;7;7;5;0;0
"15087";96;95;86;70;59;50;95;95;92;0;0;0;99;99;99;70;59;50;96;95;86;68;51;40;0;0;0;0;0;0;23;23;23;23;23;23;0;0;0;0;0;0;72;32;95;95;92;1;1;1;0;0;0;0;0;0;0;0;0
"15088";93;91;83;72;64;53;99;99;97;35;0;0;99;99;99;87;64;53;91;88;81;68;57;44;3;3;3;3;3;3;23;23;23;23;23;23;0;0;0;0;0;0;83;44;99;99;96;3;3;0;0;0;0;41;41;41;35;0;0
"15089";93;92;85;73;66;55;98;98;94;0;0;0;99;99;98;73;66;55;92;91;81;64;46;32;0;0;0;0;0;0;37;37;37;37;37;37;0;0;0;0;0;0;82;36;96;96;93;0;0;0;0;0;0;6;6;6;0;0;0
"15090";89;88;85;79;76;72;95;95;92;0;0;0;98;98;97;79;76;72;88;87;83;77;71;65;4;4;4;4;4;4;43;43;43;43;43;43;0;0;0;0;0;0;72;31;95;95;92;0;0;0;0;0;0;0;0;0;0;0;0
"15091";96;96;91;68;61;51;98;97;95;3;0;0;99;99;99;70;61;51;96;95;91;68;59;47;0;0;0;0;0;0;29;29;29;29;29;29;0;0;0;0;0;0;80;36;96;96;93;1;1;1;0;0;0;24;24;24;3;0;0
"16051";100;99;99;97;94;88;100;100;99;0;0;0;100;100;100;97;94;88;100;99;99;96;91;80;0;0;0;0;0;0;67;67;67;67;67;67;0;0;0;0;0;0;99;42;100;100;99;0;0;0;0;0;0;0;0;0;0;0;0
"16052";99;98;97;95;93;92;100;100;99;0;0;0;100;100;100;95;93;92;99;98;96;92;86;82;0;0;0;0;0;0;77;77;77;77;77;77;0;0;0;0;0;0;97;37;100;100;99;0;0;0;0;0;0;0;0;0;0;0;0
"16053";100;99;99;99;97;95;100;100;100;0;0;0;100;100;100;99;97;95;99;99;99;98;96;93;1;1;1;1;1;1;69;69;69;69;69;69;0;0;0;0;0;0;99;44;100;100;100;0;0;0;0;0;0;0;0;0;0;0;0
"16054";99;99;98;93;88;87;100;100;100;0;0;0;100;100;100;93;88;87;99;93;90;64;34;31;0;0;0;0;0;0;84;84;84;84;84;84;0;0;0;0;0;0;94;48;100;100;100;0;0;0;0;0;0;0;0;0;0;0;0
"16055";100;100;99;99;97;83;100;100;100;0;0;0;100;100;100;99;97;83;100;99;99;98;95;26;1;1;1;1;1;1;72;72;72;72;72;72;0;0;0;0;0;0;98;43;100;100;100;0;0;0;0;0;0;0;0;0;0;0;0
"16056";100;99;98;93;89;55;100;100;100;0;0;0;100;100;100;93;89;55;100;99;98;92;85;12;0;0;0;0;0;0;50;50;50;50;50;50;0;0;0;0;0;0;100;49;100;100;100;0;0;0;0;0;0;0;0;0;0;0;0
"16061";98;98;97;89;79;64;94;94;92;0;0;0;99;99;99;89;79;64;98;98;96;85;73;55;0;0;0;0;0;0;20;20;20;20;20;20;0;0;0;0;0;0;70;40;94;94;92;0;0;0;0;0;0;0;0;0;0;0;0
"16062";97;97;92;87;84;73;95;94;87;35;0;0;99;99;98;87;84;73;97;96;92;86;83;72;0;0;0;0;0;0;23;23;23;22;22;22;0;0;0;0;0;0;78;37;91;91;82;35;35;35;35;0;0;0;0;0;0;0;0
"16063";95;94;90;74;68;46;94;94;92;0;0;0;99;99;97;74;68;46;94;93;89;73;67;45;0;0;0;0;0;0;6;6;6;6;0;0;0;0;0;0;0;0;76;46;93;93;91;1;1;1;0;0;0;0;0;0;0;0;0
"16064";99;98;96;88;86;61;92;90;88;2;0;0;99;99;99;88;86;61;98;98;96;87;85;29;0;0;0;0;0;0;37;37;37;37;37;37;0;0;0;0;0;0;76;38;90;90;87;2;2;2;2;0;0;0;0;0;0;0;0
"16065";97;96;88;69;65;57;91;90;87;1;0;0;99;99;96;69;65;57;97;96;88;69;65;56;0;0;0;0;0;0;15;15;15;15;15;15;0;0;0;0;0;0;74;35;89;89;85;3;3;3;1;0;0;0;0;0;0;0;0
"16066";97;97;92;83;79;70;95;95;94;0;0;0;99;99;99;83;79;70;96;96;91;78;70;57;0;0;0;0;0;0;41;41;41;41;38;38;0;0;0;0;0;0;77;43;95;95;94;0;0;0;0;0;0;0;0;0;0;0;0
"16067";97;96;94;89;83;70;97;97;94;2;0;0;99;99;99;89;83;70;95;94;92;83;74;59;6;6;6;6;6;6;36;36;36;36;36;36;0;0;0;0;0;0;79;41;96;96;92;26;26;26;2;0;0;0;0;0;0;0;0
"16068";91;90;86;68;62;46;95;95;88;3;0;0;99;98;96;71;62;46;91;90;86;67;60;43;0;0;0;0;0;0;22;22;22;22;22;22;0;0;0;0;0;0;71;31;94;94;87;3;3;3;3;0;0;0;0;0;0;0;0
"16069";95;93;87;76;71;57;94;94;91;11;0;0;99;99;97;78;71;57;95;93;87;73;57;41;0;0;0;0;0;0;28;28;28;28;28;28;0;0;0;0;0;0;63;35;93;93;90;11;11;11;11;0;0;0;0;0;0;0;0
"16070";95;93;91;79;72;67;98;97;96;0;0;0;99;99;98;79;72;67;94;92;89;74;68;63;4;4;4;4;4;4;26;26;26;26;26;26;0;0;0;0;0;0;83;32;96;96;93;16;16;16;0;0;0;0;0;0;0;0;0
"16071";97;97;94;87;86;71;97;97;93;0;0;0;99;99;99;87;86;71;97;97;92;82;79;58;0;0;0;0;0;0;36;36;36;36;36;36;0;0;0;0;0;0;70;34;97;97;93;0;0;0;0;0;0;0;0;0;0;0;0
"16072";97;97;91;79;77;74;98;98;97;12;0;0;99;99;99;80;77;74;97;96;85;66;56;49;0;0;0;0;0;0;59;59;59;59;59;59;0;0;0;0;0;0;73;36;98;98;97;12;12;12;12;0;0;0;0;0;0;0;0
"16073";94;93;86;76;65;53;96;96;94;8;0;0;99;99;97;78;65;53;94;92;85;73;62;39;1;1;1;1;1;1;37;37;37;37;37;37;0;0;0;0;0;0;71;31;96;96;94;8;8;8;8;0;0;0;0;0;0;0;0
"16074";95;94;89;79;68;59;96;96;94;6;0;0;99;99;98;79;68;59;95;93;88;77;63;40;1;1;1;1;1;1;34;34;34;34;34;34;0;0;0;0;0;0;76;45;96;96;92;15;15;14;6;0;0;0;0;0;0;0;0
"16075";93;92;88;80;75;61;97;97;96;22;0;0;99;99;99;83;75;61;93;92;88;77;65;50;2;2;2;2;2;2;37;37;37;37;37;37;0;0;0;0;0;0;69;37;96;96;95;22;22;22;22;0;0;0;0;0;0;0;0
"16076";95;94;90;80;77;65;97;97;96;0;0;0;99;99;99;80;77;65;95;94;90;78;73;59;0;0;0;0;0;0;42;42;42;42;42;42;0;0;0;0;0;0;73;42;97;97;96;2;2;2;0;0;0;0;0;0;0;0;0
"16077";93;92;86;75;68;62;98;97;95;0;0;0;99;99;98;75;68;62;93;91;85;72;62;54;0;0;0;0;0;0;40;40;40;40;30;30;0;0;0;0;0;0;87;43;97;97;95;6;5;5;0;0;0;13;13;13;0;0;0
